Model,Adjusted R-Squared,R-Squared,RMSE,Accuracy (%),Time Taken
NuSVR,-0.8028335547333318,-0.0006917528475762769,1440.7842540096042,82.73917671659713,0.2304384708404541
ElasticNetCV,-0.8035057373180023,-0.001064858599419738,1441.0528256215266,82.74953693130335,0.3281853199005127
BayesianRidge,-0.8037782249842587,-0.0012161072599849998,1441.1616842413039,82.76079383839681,0.12004685401916504
DummyRegressor,-0.8037790179186952,-0.0012165473909937496,1441.1620010060221,82.76079199690015,0.041170597076416016
QuantileRegressor,-0.8053312653125957,-0.00207814726602229,1441.7819657778027,82.78873589798309,0.6019179821014404
SVR,-0.8056404732919735,-0.002249778126822255,1441.9054310413535,82.79746701078659,0.13080430030822754
LarsCV,-0.8083342298613028,-0.0037449910243354534,1442.9805882275355,82.72513465520566,0.27445530891418457
LassoLarsCV,-0.8084695528138222,-0.0038201042050289846,1443.0345784516358,82.72433157830608,0.368147611618042
LassoCV,-0.8089838735253443,-0.004105586185873866,1443.2397601781213,82.72136066700335,0.5071592330932617
LassoLarsIC,-0.8108338100839785,-0.005132423218419779,1443.9775278821194,82.71134671389206,0.11227297782897949
OrthogonalMatchingPursuitCV,-0.8383015593933598,-0.020378839134640225,1454.887843221287,82.60453035081447,0.09411454200744629
TweedieRegressor,-0.8420774647712985,-0.02247471612856211,1456.381259997654,82.53437194865752,0.026713132858276367
GammaRegressor,-0.844122601361945,-0.02360990207755531,1457.1894975481573,82.53808146862906,1.987185001373291
AdaBoostRegressor,-0.845829030260127,-0.02455708287566516,1457.863534974252,82.46949934568924,2.553513765335083
RandomForestRegressor,-0.8733620159992543,-0.03983970932117198,1468.6962715051789,82.61830528555355,8.545726776123047
ElasticNet,-0.8793721693310679,-0.04317574156702442,1471.0503336783563,82.40048315570517,0.05340147018432617
GradientBoostingRegressor,-0.8983006462812244,-0.05368229705477656,1478.4397647499904,82.74531474108784,5.1290059089660645
OrthogonalMatchingPursuit,-0.9674961126193491,-0.0920903532600792,1505.1440935158284,82.11039331755335,0.07397007942199707
LassoLars,-0.9896306321644825,-0.10437647424107843,1513.586921814317,82.05586034414604,0.06295609474182129
Lasso,-0.9896306321644825,-0.10437647424107843,1513.586921814317,82.05586034414604,0.024776935577392578
RidgeCV,-0.9910213050822556,-0.10514838960512862,1514.1157980348978,82.05598212606272,0.03413653373718262
Ridge,-0.9945363859327019,-0.10709949175119138,1515.4517687867608,82.04632933175984,0.03992605209350586
BaggingRegressor,-0.9946352363143485,-0.10715436024496872,1515.4893216563735,82.53438521872211,1.005735158920288
TransformedTargetRegressor,-0.9949326604566595,-0.10731945029752898,1515.6023063018652,82.04524667127197,0.040860652923583984
LinearRegression,-0.9949326604566595,-0.10731945029752898,1515.6023063018652,82.04524667127197,0.05380392074584961
Lars,-0.9949326604566595,-0.10731945029752898,1515.6023063018652,82.04524667127197,0.10894894599914551
PoissonRegressor,-1.0066830339251918,-0.11384168402896111,1520.0592853125352,81.99465654523136,0.06062054634094238
SGDRegressor,-1.0099811776814183,-0.11567237175268152,1521.3079418460384,81.92130645639631,0.02473926544189453
KNeighborsRegressor,-1.0459525434622443,-0.13563885672353648,1534.860519750156,81.94436963254465,0.36907076835632324
HuberRegressor,-1.085748569992981,-0.1577282811414784,1549.7159911999152,81.74795253900388,0.06409859657287598
ExtraTreesRegressor,-1.090449663927921,-0.16033769892034377,1551.4614700249176,81.78003027358474,5.026111602783203
HistGradientBoostingRegressor,-1.1350293640578952,-0.1850823782876423,1567.916980134894,81.6003931650362,1.7632601261138916
PassiveAggressiveRegressor,-1.2188439627700913,-0.23160501898251762,1598.3964939637247,81.4967767879967,0.056806325912475586
ExtraTreeRegressor,-1.947999232248017,-0.6363343756090314,1842.403798085481,79.87916852757866,0.11172318458557129
DecisionTreeRegressor,-2.4554372816135426,-0.9179960241555345,1994.6772964672532,77.63357919413241,0.1907329559326172
LinearSVR,-38.068855938519185,-20.685796688341046,6707.126294589878,14.46456342826498,0.03808021545410156
MLPRegressor,-41.22683586400924,-22.43868422407561,6972.9316353873655,10.7982017486422,3.6483311653137207
KernelRidge,-51.027264484072596,-27.8785697136262,7739.922875534492,0.21485704664947036,0.128875732421875
RANSACRegressor,-7843.7817582880025,-4353.3722534990675,95041.12539740543,0.0,0.8348302841186523
GaussianProcessRegressor,-9147.462611571145,-5077.001273383103,102634.93130363387,0.0,1.3910024166107178

=== TEST SET PREDICTIONS ===
,AdaBoostRegressor,BaggingRegressor,BayesianRidge,DecisionTreeRegressor,DummyRegressor,ElasticNet,ElasticNetCV,ExtraTreeRegressor,ExtraTreesRegressor,GammaRegressor,GaussianProcessRegressor,GradientBoostingRegressor,HistGradientBoostingRegressor,HuberRegressor,KNeighborsRegressor,KernelRidge,Lars,LarsCV,Lasso,LassoCV,LassoLars,LassoLarsCV,LassoLarsIC,LinearRegression,LinearSVR,MLPRegressor,NuSVR,OrthogonalMatchingPursuit,OrthogonalMatchingPursuitCV,PassiveAggressiveRegressor,PoissonRegressor,QuantileRegressor,RANSACRegressor,RandomForestRegressor,Ridge,RidgeCV,SGDRegressor,SVR,TransformedTargetRegressor,TweedieRegressor
0,7494.678571428572,7488.6,7559.422827599478,6579.0,7559.42209631728,7585.994145118312,7572.1886564941,9095.0,7809.12,7568.852452346229,0.0,7559.535394419742,7210.311073440457,7551.917791099762,7620.6,34.970963528023276,7594.426082473809,7539.629947740846,7604.134256563848,7537.632486869876,7604.134256563848,7539.204902775862,7532.444619290206,7594.426082473809,1058.9999999999995,877.8176087370255,7570.866741889677,7559.118111067067,7485.438575527811,7013.617753338014,7573.830390782486,7544.0,2761.8688015228654,7382.4766666666665,7594.39305984536,7594.098636391896,7597.114487683664,7536.920556787401,7594.426082473809,7576.924089395544
1,7840.372807017544,8853.485,7559.426917831399,7749.5,7559.42209631728,7713.204019317184,7580.854722983128,7749.5,7749.5,7668.190493997,7424.0,7797.136022348557,7798.514700844417,7874.907020740017,7815.0,230.57172010467912,7790.21154231404,7559.3032959621305,7789.978419320231,7559.29130640678,7789.97841932023,7559.300744673037,7559.26016676024,7790.21154231404,1059.0,703.115289858796,7571.610604885541,7816.337702206616,7558.978017772141,7901.338908050355,7789.082079005615,7544.0,6347.159148685011,7868.34516666667,7789.993816421591,7788.052613913696,7803.603666411569,7545.972718131544,7790.21154231404,7674.816819315661
2,7743.830949284786,7358.539999999999,7559.425835044555,8525.0,7559.42209631728,7678.725160247067,7575.044205803832,9734.0,7659.169,7643.020306955248,0.0,7733.120288324827,7817.421001912532,7861.051506264947,7476.4,178.79130031039608,7738.382226940639,7545.483542856566,7738.371157483281,7544.076837817536,7738.3711574832805,7545.1842063825725,7540.423299682094,7738.382226940639,1059.0,781.5251811451905,7571.433171170756,7697.693131584345,7507.3194529001985,8042.374028411522,7742.577386052364,7544.0,6470.8137402176235,7546.88775,7738.21339662873,7736.70813778607,7737.054960888222,7543.740642052884,7738.382226940639,7648.902161628959
3,7494.678571428572,7316.9,7559.430257195193,9585.0,7559.42209631728,7822.213002217926,7601.130832540372,5051.0,7271.245,7746.120261386717,0.0,7843.167917593375,6907.230202561229,8232.342568692591,6945.4,390.2648860077261,7950.055504409714,7626.624435909374,7957.161405926785,7633.4066224544285,7957.161405926785,7628.067635265341,7651.021528562344,7950.055504409715,1059.0000000000002,1100.451935081923,7570.327258520459,7957.398196435051,7810.626035551666,8123.983955610106,7939.737272711553,7544.0,51274.729883867665,7462.511111111111,7949.686982326607,7946.4013097596435,8012.151394516506,7536.2350426783905,7950.055504409715,7754.738800363497
4,7533.139344262295,6404.228571428571,7559.385410480614,5598.0,7559.42209631728,6395.11851846178,7424.5160631238,5598.0,5598.0,6638.979442985891,5597.999999999994,6645.392676308771,5669.349699767242,5784.816189358267,7407.4,-1754.3693237442494,5803.39614431836,7563.529048846308,5822.537314749703,7563.943530222294,5822.537314749703,7563.617247431072,7565.020034159918,5803.396144318358,1058.9999999999995,809.8391776773655,7569.0362127641265,8101.67378954231,7574.7739822754575,5603.217653297652,5806.805184534879,7544.0,405789.9706030693,6225.02,5805.0527725749635,5819.822953972233,5712.785953934663,7532.054644855969,5803.396144318358,6681.4091203178195
5,7459.621837549934,8080.7,7559.426262572078,9892.0,7559.42209631728,7690.276555322273,7573.144598184891,7004.0,8124.67,7654.54525824874,0.0,7440.340178234483,8257.138846246653,7872.421574135427,7108.8,199.23627961072634,7758.846512172872,7537.528795828372,7752.56105747667,7535.31928275332,7752.561057476671,7537.058627715812,7529.580666585412,7758.846512172871,1059.0000000000005,779.7429877940694,7570.020865313323,7661.143583583038,7477.584419845923,8053.325553494248,7756.78913511576,7544.0,18035.033421126493,7939.048333333334,7758.658375931499,7756.980989105936,7836.84807968311,7539.686556238343,7758.846512172871,7659.134304245075
6,7730.160063391442,7802.25,7559.4213251256415,7383.0,7559.42209631728,7533.901126105872,7554.597631642364,7992.4,7922.0683333333345,7537.601287676632,0.0,7612.321047555495,7733.68539730094,7557.404088797239,8538.4,-36.87949018453219,7522.507781308501,7569.683692113377,7519.773500691836,7570.719311667124,7519.773500691836,7569.904064328601,7573.4090550237215,7522.507781308501,1059.0,709.3482836831856,7571.33623264563,7483.852163220718,7597.780184777551,7644.3353887307,7523.378583355857,7544.0,11240.348700501136,8036.233003607504,7522.542606133981,7522.85309763225,7558.680428646333,7545.2798050287465,7522.507781308501,7540.96493881289
7,7762.6688102893895,7564.3,7559.422208444645,7794.0,7559.42209631728,7559.676170213777,7551.781501263694,7794.0,7794.0,7547.930048168473,7793.999999999991,7932.1971092658305,7870.4472237764685,7578.320660402353,7610.0,5.362091381903156,7564.789251052193,7503.258212675255,7554.817163271858,7497.590047872259,7554.817163271857,7502.052068942869,7482.868513726049,7564.789251052194,1058.9999999999998,1198.962984916765,7570.68645445494,6992.848495802309,7349.480167223517,7624.696376337637,7548.415229178609,7544.0,28876.03445570485,7756.145,7564.7841876986695,7564.739043804907,7582.9667049642685,7537.5967702432,7564.789251052194,7562.105673684737
8,7590.985185185185,6961.2,7559.422578794381,5934.0,7559.42209631728,7575.562466378517,7561.380024355804,7079.5,7349.461666666667,7560.6495677517605,0.0,7101.581431287492,7158.220911608462,7590.961555183111,7144.4,23.072746885649394,7582.516630498103,7554.506698773671,7584.748672320167,7554.010627605819,7584.748672320167,7554.401138481986,7552.722216119861,7582.516630498102,1059.0,823.3244350140073,7570.97478987414,7503.203091329888,7541.048223720695,7526.415646609418,7567.756494415412,7544.0,-309.13623911247487,7198.676939393939,7582.494843201706,7582.300591824756,7601.163119944043,7540.372440531517,7582.516630498102,7570.969363407691
9,7834.317669172932,6796.8485714285725,7559.423963645065,7686.5,7559.42209631728,7618.594783718961,7568.660064090329,7686.5,7686.5,7599.2584263126455,7424.0,7770.8808702278075,7739.030006688746,7635.916003941447,7962.8,89.29829274194708,7648.8047122809685,7505.269276639019,7647.557542558632,7499.804072194829,7647.557542558632,7504.106321376483,7485.609673013173,7648.804712280969,1058.9999999999998,847.4934475086931,7569.758698722442,7855.69517741288,7356.997572016509,7909.233696619937,7653.151806542011,7544.0,25476.237949488434,7619.5561071428565,7648.720389058361,7647.96857929721,7703.4505849480365,7539.825681673381,7648.804712280969,7604.113404299124
10,7522.47577092511,7410.7,7559.411446216617,5738.0,7559.42209631728,7218.833778834039,7512.91762189254,6758.0,7283.435,7307.951446800831,0.0,6944.660301861937,7419.948739199234,6890.392710688824,8297.6,-509.3030879582511,7049.638080043099,7529.9638611924565,7047.441160141736,7526.990880681401,7047.441160141736,7529.3312328313295,7519.269363112544,7049.638080043098,1059.0,739.8572706785319,7569.911462236328,6678.094842751975,7449.306514759179,6904.033529863503,7037.933689164404,7544.0,31273.49500273212,7546.371666666666,7050.11900836034,7054.4068734600705,6907.755600906928,7534.275628753483,7049.638080043098,7304.5300881801895
11,7743.830949284786,7551.3,7559.4269351261755,6665.0,7559.42209631728,7714.042959031172,7581.48371200787,9061.0,7846.173333333334,7666.519212798701,0.0,7529.2684254706855,8039.387617080109,7836.524081262822,8008.8,231.39878114010207,7791.039384332863,7544.978456412037,7791.667396443375,7543.5207770987645,7791.667396443375,7544.668272987836,7539.734846990799,7791.039384332862,1058.9999999999998,727.982260918702,7571.145734335259,7932.79739750084,7505.431427791407,7988.738924069625,7788.717167707184,7544.0,3872.7117999015727,7441.99267857143,7790.820877457377,7788.872711853765,7815.2697364417545,7543.779680639115,7791.039384332862,7675.230740325072
12,7717.739926739927,7360.533333333335,7559.419247562476,6346.0,7559.42209631728,7469.442118024941,7548.780702500005,7233.0,7579.678000000001,7487.028031928949,0.0,7470.231361758778,7377.768783518515,7279.290385197874,7877.8,-136.23154038654695,7423.0619142472115,7569.669402996392,7425.842343510332,7570.703580465569,7425.842343510332,7569.889468346638,7573.389578395212,7423.0619142472115,1059.0,727.8863477520129,7570.621956682308,7396.753691023814,7597.726771719362,7259.044636979513,7422.678566453411,7544.0,4766.765645235382,7362.5875,7423.19055592841,7424.337500608953,7376.059668459227,7541.74747362693,7423.0619142472115,7491.242005282246
13,7643.974079126876,7733.3,7559.427865308091,7812.0,7559.42209631728,7743.683474470821,7586.640086347707,8143.0,7502.278333333333,7688.427409060147,0.0,7472.742696288337,7482.41892288551,7959.518109502952,7745.6,275.88141438676394,7835.56402195331,7609.420391652555,7836.064305141873,7614.4663136837935,7836.064305141874,7610.4941267050135,7627.571739525103,7835.564021953308,1059.0,885.4568414763012,7569.861426310705,7801.965905403733,7746.316910091037,7962.537371423688,7828.611240157173,7544.0,-29175.81408771646,7770.625547619049,7835.30351070271,7832.980842106387,7774.940797871148,7538.577885449932,7835.564021953308,7697.493059135295
14,7494.678571428572,7095.95,7559.41356264664,5731.0,7559.42209631728,7287.930312889704,7524.039994218159,6356.0,7349.155,7345.929321664571,0.0,7165.947689273577,7937.880586219322,6938.919980847807,7787.8,-408.09236892473564,7150.944371046348,7544.022106450177,7153.42447130548,7542.467910499491,7153.42447130548,7543.691384996237,7538.431304375084,7150.944371046351,1058.9999999999995,1097.4363739142432,7570.785993444397,6897.324151854284,7501.856568952202,6758.340290093779,7147.375735927487,7544.0,66048.99061328005,7586.487333333334,7151.329727390944,7154.765491020819,7181.743028851858,7536.4779466664695,7150.944371046351,7355.183233681815
15,7459.621837549934,7305.042857142858,7559.425831313742,8656.0,7559.42209631728,7680.6193540703125,7579.600538500217,6358.0,7385.57,7640.751187683731,0.0,7350.780626739996,7041.381899642821,7789.466494894947,7489.6,178.61288745450656,7738.203645612371,7545.123251233827,7744.232320281287,7543.680184886384,7744.232320281287,7544.816177341151,7539.932208028355,7738.203645612371,1059.0000000000002,708.806022475306,7570.69672823942,7934.929729924245,7505.97267426936,7901.4025882673795,7734.21161728195,7544.0,5777.095973168847,7706.725,7738.034983773413,7736.5312270034365,7828.11785301922,7541.444360368991,7738.203645612371,7648.812870964825
16,7730.160063391442,6381.3,7559.422316407893,6962.0,7559.42209631728,7567.724381734603,7562.572108071467,6047.0,6606.516666666666,7552.159550389026,0.0,7096.953477615267,6462.675629598368,7542.150364308617,7539.2,10.525048741590581,7569.957083725172,7579.575474041057,7573.793965161357,7581.609390837187,7573.793965161358,7580.008276558469,7586.891942881006,7569.957083725171,1059.0,754.2498428883462,7571.187209157067,7645.133595261172,7634.75590022679,7285.834160499242,7553.313651124514,7544.0,1568.8775214244051,6894.06875,7569.947145057807,7569.858533796193,7590.898609786397,7540.888328270369,7569.957083725171,7564.689590021226
17,7730.160063391442,7303.85,7559.415987674357,7187.0,7559.42209631728,7367.773133988769,7539.758041757526,7187.0,7711.7275,7409.376755258484,0.0,7440.647205806283,7520.916963373327,7197.475298771518,7497.4,-292.124065535736,7267.022181805225,7641.298094083713,7276.875123843801,7649.561173818512,7276.875123843801,7643.056416605858,7671.0223018372935,7267.022181805225,1059.0000000000002,839.4608671840795,7570.346804810478,7749.597831054931,7865.476517822771,7255.79357856407,7273.237196506722,7544.0,18484.0778593718,7360.581333333333,7267.2980307811795,7269.757447609828,7258.798172682492,7536.450828648817,7267.022181805225,7413.222139061253
18,7730.160063391442,6582.7,7559.419522727999,8008.0,7559.42209631728,7478.568528768062,7552.564487678093,7424.0,7194.005,7492.889422714788,0.0,8101.8424295254745,7790.924479772147,7387.455468208409,6509.6,-123.07273042646011,7436.233149902263,7563.995441022583,7440.050340084643,7564.4569915744605,7440.050340084643,7564.093655581382,7565.655745041558,7436.233149902262,1059.0,662.60792838013,7570.620840694226,7660.095967003116,7576.5173672918045,7414.5103359050445,7433.652770201125,7544.0,2968.558120567812,7429.438500000001,7436.349365889447,7437.3855254533855,7420.0495572861055,7541.452619959795,7436.233149902262,7497.827623109772
19,7762.6688102893895,6813.0,7559.428069275647,9612.0,7559.42209631728,7746.481800058797,7578.865517383029,7027.0,7281.763000000001,7705.457514155223,0.0,7644.1758993777285,7886.15409613326,7909.905876866929,6912.6,285.6354354835148,7845.327253647475,7600.021786513208,7834.6960502116335,7604.119183631397,7834.696050211634,7600.89368244866,7614.761071029256,7845.327253647475,1059.0000000000002,699.273492491527,7570.686817507225,7708.8065209565975,7711.184701173266,8056.655305661351,7858.708846093818,7544.0,3149.6044693235026,7155.081060606062,7845.057531800937,7842.652743288914,7842.152756053437,7543.030166203879,7845.327253647475,7702.374674982378
20,7730.160063391442,8369.7,7559.418414122412,9227.0,7559.42209631728,7443.228103076431,7546.252812435217,9227.0,9227.0,7465.900415344708,9216.0,7710.336676085463,7767.116835036736,7347.662020828357,7186.6,-176.087839560867,7383.167979287658,7549.624431819219,7387.094233624354,7548.635633084904,7387.094233624354,7549.414022729605,7546.0674942186415,7383.167979287658,1059.0,790.4819174805036,7569.733569309524,7441.140819871204,7522.798194052138,7368.737806854882,7384.276559597924,7544.0,5988.7244737447745,8321.735,7383.334256756554,7384.816754938076,7353.707190682458,7543.511299424422,7383.167979287658,7471.295037802469
21,7324.333333333333,7146.7,7559.411859524287,7379.0,7559.42209631728,7237.827054736919,7527.714402999127,5018.0,6961.880999999999,7303.822083052653,0.0,7185.451111903208,6588.143523279169,7154.227721208599,6477.2,-489.53812241367996,7069.421709397371,7554.773432132595,7084.6373584961075,7554.304280197153,7084.6373584961075,7554.6736000553465,7553.085784179939,7069.421709397371,1058.9999999999998,1144.2544673895613,7569.7598381163325,7227.173714757295,7542.045279342472,6808.624390196502,7082.114060665757,7544.0,95452.30586911403,7329.903333333333,7069.883973913334,7074.005436122536,7185.0765749616085,7533.046340914655,7069.421709397371,7314.421902857325
22,7366.355844155844,7269.666666666667,7559.422425680561,5404.0,7559.42209631728,7566.583090242344,7552.86746980874,8892.0,6121.44,7560.007705136673,0.0,6736.912547462389,6047.764155278766,7565.529102003695,7110.8,15.750624448926828,7575.187593877455,7519.056101385016,7565.139580532296,7514.9822892325055,7565.139580532296,7518.189224156592,7504.401657442001,7575.187593877456,1059.0,463.4923682871385,7570.200440767322,7491.226710965393,7408.533049899422,7715.56952058292,7557.378959770245,7544.0,-22894.797787709616,6500.035277777777,7575.172720766549,7575.040114947988,7714.598720755647,7538.299873981404,7575.187593877456,7567.304845097367
23,7643.974079126876,7266.4833333333345,7559.419511872487,9713.0,7559.42209631728,7480.04067276399,7554.104923687726,5701.0,7419.795,7487.1138798528555,0.0,7164.330705210036,7166.29069668951,7534.116498404713,7253.2,-123.59185657937269,7435.713533546715,7544.300145985174,7444.986388427977,7542.774010307459,7444.986388427977,7543.975395550699,7538.810283197876,7435.713533546715,1059.0000000000002,476.6939346649455,7569.507963799611,7696.0351951020475,7502.895887328291,7304.6450860094565,7421.540180443228,7544.0,14085.214708647101,7522.800166666667,7435.830239738008,7436.870769868236,7440.848056354951,7539.19451526595,7435.713533546715,7497.567814931997
24,7834.317669172932,8124.133333333333,7559.427909053708,8264.666666666666,7559.42209631728,7744.53579835746,7583.952761628186,8264.666666666666,8264.666666666657,7690.338497685366,8576.0,8146.800640624473,8270.101433739645,7913.703163159091,7722.8,277.9733925608525,7837.65797555655,7559.780353426538,7836.52732319855,7559.816509408023,7836.52732319855,7559.788047153162,7559.910414849119,7837.657975556549,1059.0,716.1094621797888,7571.7903129945025,7805.482454470465,7560.761269888475,7859.868336133863,7834.165872385191,7544.0,8745.265224240975,8306.029857142856,7837.395488878023,7835.055207743273,7861.988235901714,7545.428506512753,7837.657975556549,7698.540035936915
25,7641.466666666666,8054.8,7559.460165743588,8421.0,7559.42209631728,8762.237401743922,7691.521153646148,9736.0,8105.985,8493.998172458543,0.0,7464.416485308635,8634.93441224421,9510.011820572412,8296.2,1820.5345647257782,9381.675768269362,7517.425558543492,9345.614340645116,7513.187188939738,9345.614340645116,7516.523664701167,7502.179163412159,9381.675768269368,1059.0000000000005,1524.856162550178,7570.036154786325,7972.604492197914,7402.438042086193,10608.391744358629,9559.901900943394,7544.0,-492543.90529935015,7799.7195833333335,9379.956661031672,9364.629428962053,9502.66924383562,7533.065049487856,9381.675768269368,8470.548932293324
26,7635.035230352303,6685.906666666668,7559.425664122891,5675.0,7559.42209631728,7672.553942028514,7573.585548932393,5675.0,5675.0,7637.127171496545,5674.999999999994,7300.138177842069,5976.32423135926,7815.670235769489,7260.2,170.61758123748587,7730.200789530714,7547.689017060558,7728.038940237547,7546.50489262754,7728.038940237547,7547.437044100546,7543.429447773709,7730.200789530714,1059.0,683.8565953569962,7570.912892017533,7699.063979711975,7515.5635677819955,7847.3065906287475,7722.418508890412,7544.0,7829.159288112423,6677.174666666667,7730.039677555985,7728.603233934705,7757.054547794874,7545.125578856516,7730.200789530714,7644.811442923998
27,7806.347891566265,8968.8,7559.42638607932,9095.0,7559.42209631728,7696.013099425934,7578.065197004223,9095.0,9095.0,7655.558709945335,1324544.0,7901.928835325666,8771.380062699227,7849.272116857879,8286.6,205.14257304614875,7764.758382841679,7557.390003155045,7763.858819118845,7557.184920489964,7763.858819118844,7557.346363074047,7556.652273405463,7764.758382841679,1059.0,707.8264522259763,7571.1113998006895,7763.7488439641,7551.826083881652,7946.798440445221,7763.827751201055,7544.0,8109.523144491432,8917.570999999998,7764.564669363826,7762.837556962125,7779.965915298157,7545.568467362561,7764.758382841679,7662.09023957948
28,7799.869269949067,6723.1,7559.429039155236,5833.0,7559.42209631728,7778.941267359287,7584.845234690404,5833.0,5833.0,7721.418240809038,5833.000000212283,7277.50402079645,6566.477481800093,7979.761286457008,6957.6,332.01646838473243,7891.752083558613,7544.062880376396,7885.649622201967,7542.512799407055,7885.649622201967,7543.733034560185,7538.486880840349,7891.752083558613,1059.0,763.7986206414606,7571.432876743728,7763.9134750919575,7502.008982855443,8029.829408376718,7897.656522451454,7544.0,5472.428660696141,6408.268888888889,7891.438564702725,7888.643290413231,7933.368114650335,7545.310711868841,7891.752083558613,7725.587089937947
29,7704.822429906542,8150.0,7559.417064774918,8091.0,7559.42209631728,7399.586737538724,7538.657149570018,8091.0,8091.0,7433.4904549333105,8090.99999999999,7576.582562626876,8097.259668279769,7280.389040464874,7747.8,-240.61557193984845,7318.579314203989,7537.156137188339,7320.758802094904,7534.909014702222,7320.758802094904,7536.677966070042,7529.072718200647,7318.579314203989,1059.0,705.1304958464202,7569.423543046798,7339.067073488814,7476.191413011129,7206.26523564675,7314.910898717719,7544.0,6719.159618641737,8068.795,7318.806524375794,7320.8322869085105,7305.133439706024,7543.066047757991,7318.579314203989,7439.000705260635
30,7643.974079126876,8234.7,7559.419065848025,9907.0,7559.42209631728,7461.674172841517,7544.3239329216685,7677.0,8307.256666666668,7483.855334203462,0.0,7960.452209057645,7987.21838774546,7398.18123614594,7791.4,-144.9213860656091,7414.363862861704,7551.305575472774,7411.236559345568,7550.486440918852,7411.236559345568,7551.131269671419,7548.358959145647,7414.363862861705,1059.0,683.8964840206935,7570.817181724842,7328.797029109293,7529.082348900839,7464.171938307214,7411.450160413348,7544.0,9210.353537198915,8137.903511904761,7414.500710251757,7415.720815466527,7431.884914452841,7544.734550746718,7414.363862861705,7486.892979589493
31,7643.974079126876,8067.2,7559.419446075114,5198.0,7559.42209631728,7474.766287384304,7547.8184835747315,7233.0,7485.73,7492.087419299177,0.0,7255.3126138359385,6957.821927389792,7339.54889032896,8355.0,-126.73838130740478,7432.564037594083,7548.285782548552,7432.312728241549,7547.161884811327,7432.312728241549,7548.046625385922,7544.24286260741,7432.564037594082,1059.0,785.141912603111,7569.882674728673,7351.48625914745,7517.794291329611,7144.176610392273,7426.891094293256,7544.0,5842.214722412795,7598.470833333334,7432.683715007973,7433.750735991868,7415.985413380488,7540.644781649434,7432.564037594082,7495.993066955682
32,7459.621837549934,6967.988333333333,7559.424129922837,6883.2,7559.42209631728,7623.746782258296,7567.039647024624,6883.2,6883.199999999995,7604.5021397013425,7040.0,6950.679313530469,6753.531859156697,7701.020257515852,6883.2,97.24993431810617,7656.763862490141,7566.56911085249,7655.054387967466,7567.290401005664,7655.054387967466,7566.722596085845,7569.163758254143,7656.763862490141,1059.0,696.5888816058953,7571.294953590186,7577.940697230971,7586.137806155772,7805.324919905766,7659.214399037872,7544.0,6755.0646752254,6860.947548701295,7656.672030635261,7655.8532753416575,7653.168419206009,7546.107145602608,7656.763862490141,7608.09297940371
33,7730.160063391442,8824.7,7559.452287796233,9033.0,7559.42209631728,8521.778044674686,7688.311123526545,9016.0,8391.668333333333,8273.74813353488,0.0,7672.794695337171,8516.988273977882,9085.440915495015,8391.0,1443.7998237574284,9004.585281570504,7610.111789618091,9001.326756136274,7615.2274888327975,9001.326756136274,7611.200372741386,7628.514142148032,9004.585281570504,1058.9999999999998,1177.8403931343962,7570.878303866853,8142.79218139615,7748.901372084111,9167.262495819312,9030.969656336556,7544.0,1234.3377024586716,8010.166666666666,9003.22192007498,8991.066449154661,8980.374558240346,7533.8968921681735,9004.585281570504,8282.00368894389
34,7794.700787401574,7520.6,7559.438525364071,8401.0,7559.42209631728,8078.493978379811,7615.964348158262,5439.0,7605.89,7923.92184023303,0.0,8086.566991020926,8282.296590281521,8396.81470258186,8127.8,785.6605798603432,8345.82456530058,7575.328387576128,8330.235273521572,7576.9336804158165,8330.235273521572,7575.669982071795,7581.1029969716155,8345.82456530058,1059.0,970.7749592506873,7570.88007154081,7888.607704941847,7618.88019029266,8221.771639976736,8329.52654868709,7544.0,97590.59626970027,7729.364333333334,8345.082676178898,8338.468134346573,8387.803639473108,7536.918717851952,8345.82456530058,7952.6233308089295
35,7834.317669172932,7837.0,7559.4309651742105,7688.0,7559.42209631728,7841.339858824567,7594.007933316455,6613.0,7362.531333333333,7770.301451468883,0.0,7437.450641697333,7729.556598598518,8089.661849936716,6474.8,424.1214579947846,7983.944046717913,7581.064085022047,7980.653433438509,7583.248235239028,7980.65343343851,7581.528856105169,7588.9209782021,7983.944046717913,1059.0,651.7190730741086,7571.229838562269,7683.727681886452,7640.320363379147,8263.677575032294,7991.789482095149,7544.0,12286.435277898403,7708.031295454546,7983.543554311875,7979.972840446626,8000.2078565697175,7543.68225192194,7983.944046717913,7771.6830715175965
36,7931.460317460317,8340.966666666665,7559.444720357117,5562.0,7559.42209631728,8276.48230210233,7644.270023078755,8525.0,8560.76,8094.053763311723,0.0,8914.05165338626,8502.202534438302,8604.684549558766,8947.2,1081.914032140745,8642.357765877163,7608.69735306187,8627.667044112542,7613.670304678224,8627.667044112542,7609.755560547361,7626.586209485525,8642.357765877163,1059.0000000000002,1271.7071471189429,7572.63551916379,8205.98947107323,7743.614174690739,8672.83210614914,8661.527504565714,7544.0,126270.53262421052,8058.69,8641.33612845305,8632.227404141335,8622.402204592767,7538.302774892344,8642.357765877163,8100.889931097222
37,7806.347891566265,7822.752857142858,7559.427675171842,7894.8,7559.42209631728,7736.164503377264,7580.647415424668,7894.8,7894.80000000001,7687.0400737674445,8192.0,7777.298051875496,7888.602430549671,7905.02997766452,7894.8,266.7888262360502,7826.462847790747,7548.236724981696,7822.608566023764,7547.107876262528,7822.608566023763,7547.996514286567,7544.175995214124,7826.462847790747,1059.0,762.647664619457,7571.078203948554,7751.627093446008,7517.610912981208,8015.540465009899,7824.049516294765,7544.0,7150.311699834983,7854.523984126987,7826.210922553508,7823.96480521382,7860.566895647367,7545.417593946283,7826.462847790747,7692.942472054014
38,7717.739926739927,8084.7,7559.427198576774,7932.0,7559.42209631728,7721.18796933549,7577.462741477004,7412.0,8306.400666666666,7677.334443224318,0.0,7987.689558582736,8037.019668406922,7812.894195588639,8474.8,243.99736659397786,7803.649866468222,7573.069866363611,7800.491945220967,7574.447224993386,7800.491945220967,7573.362958137808,7578.024543720796,7803.649866468223,1059.0000000000002,629.7509805190184,7572.251247969336,7562.592289703262,7610.437784434883,7985.9410884876215,7809.048732023946,7544.0,8906.67905357304,8076.1523333333325,7803.419462911476,7801.365228768027,7815.194639026682,7543.8036424212405,7803.649866468223,7681.535981392752
39,7815.898550724638,7973.35,7559.419724755716,6047.0,7559.42209631728,7482.259628904072,7545.86634869877,9577.0,7565.97,7487.013906982086,0.0,7462.702651770915,7468.909613671872,7368.510051520383,7017.4,-113.41147527296562,7445.903528055086,7596.550632319157,7441.45326233985,7600.297714025508,7441.45326233985,7597.347983714527,7610.029751326101,7445.903528055085,1059.0,975.5332347520374,7570.346286561059,7274.503551930595,7698.209444470475,6893.791243569652,7410.010846734257,7544.0,36212.2817650611,7728.989666666666,7446.010621044013,7446.965441696452,7406.245596839521,7534.456288951458,7445.903528055085,7502.662812186183
40,7770.550751879699,7421.05,7559.4240187322885,7306.6,7559.42209631728,7620.676716389245,7567.252273999637,7963.0,7479.135333333332,7594.58223406281,0.0,7731.84075345185,7467.999712510261,7711.566123875386,8644.6,91.93264280324365,7651.441549925447,7555.027585301712,7651.166502925005,7554.584082982257,7651.166502925006,7554.933211273874,7553.432204946474,7651.441549925446,1058.9999999999998,728.2428880545035,7571.228032923993,7697.798294036238,7542.995309916387,7763.09977620987,7643.197684402342,7544.0,6839.630650631758,7311.262285714286,7651.354739120156,7650.580750546512,7658.331478518962,7545.823670877677,7651.441549925446,7605.431823121364
41,7261.77374301676,6677.2,7559.381335147751,5833.0,7559.42209631728,6273.344413547336,7425.851597390603,5833.0,6831.055,6568.8486335682655,0.0,6866.535317832346,6689.970293239296,5528.6086607827165,6640.6,-1949.2575860446523,5608.323851543861,7517.31646699751,5652.287292780867,7513.067087669693,5652.287292780868,7516.412230366976,7502.030467343908,5608.323851543862,1058.9999999999995,907.4981810976659,7569.385982285761,7644.019223054738,7402.0302552999865,5385.2910173272985,5671.9259948847275,7544.0,183979.2873364607,6708.006666666667,5610.164510265345,5626.575472168493,5585.840024975119,7532.404288360512,5608.323851543862,6583.872973930573
42,7470.243288590604,6697.7,7559.418505700041,5306.0,7559.42209631728,7445.215557922357,7546.442296115161,5471.0,7504.775333333333,7469.155316940549,0.0,7187.516095186888,6700.30057578306,7412.791276545941,7626.8,-171.7084659765551,7387.551488257887,7548.491911042943,7388.673089191905,7547.388816181178,7388.673089191905,7548.257180579029,7544.523823853259,7387.551488257887,1058.9999999999998,822.8873427110942,7570.249480666673,7236.777334353393,7518.564804530399,7091.858948600144,7378.163216121775,7544.0,13416.774817057392,7319.707333333334,7387.7136303409625,7389.159258211671,7345.550007092075,7538.418173641241,7387.551488257887,7473.486792287584
43,7522.47577092511,6699.2,7559.416010157223,8850.0,7559.42209631728,7365.700249512095,7536.457548562397,5965.0,7368.82,7415.1938787024665,0.0,7436.519195183565,7651.2699640244555,7200.912822001651,8080.6,-291.04890261741275,7268.0983599865585,7563.860723495433,7269.580292232446,7564.308678101015,7269.580292232445,7563.956044936975,7565.472119752984,7268.098359986558,1059.0,632.0452701814299,7570.483958291431,7390.732632962586,7576.0137899802185,7198.049842155592,7276.470547233358,7544.0,15074.41208236933,7321.53225,7268.373193700078,7270.823558642599,7275.557635944744,7542.265212471496,7268.098359986558,7413.760228151919
44,7728.699861687413,6771.2,7559.411745953021,9896.0,7559.42209631728,7230.38985592726,7516.513347944111,6991.0,7227.988333333333,7306.8158934392895,0.0,6986.879032079272,7590.359822503829,7014.495854345067,7848.4,-494.9692632524093,7063.985439994631,7401.756834773403,7067.762031469871,7385.844959949462,7067.76203146987,7398.370904978406,7344.518143123845,7063.985439994631,1058.9999999999998,691.9315604214264,7569.91144946902,7051.336635608806,6970.065609316324,7065.941086770973,7069.9557881255405,7544.0,5811.824424585595,7251.094166666666,7064.4528330666335,7068.620020502794,7108.414247075496,7537.108451628404,7063.985439994631,7311.703768155956
45,7840.372807017544,8853.485,7559.426917831399,7749.5,7559.42209631728,7713.204019317184,7580.854722983128,7749.5,7749.5,7668.190493997,7424.0,7797.136022348557,7798.514700844417,7874.907020740017,7815.0,230.57172010467912,7790.21154231404,7559.3032959621305,7789.978419320231,7559.29130640678,7789.97841932023,7559.300744673037,7559.26016676024,7790.21154231404,1059.0,703.115289858796,7571.610604885541,7816.337702206616,7558.978017772141,7901.338908050355,7789.082079005615,7544.0,6347.159148685011,7868.34516666667,7789.993816421591,7788.052613913696,7803.603666411569,7545.972718131544,7790.21154231404,7674.816819315661
46,7643.974079126876,7751.416666666666,7559.420003427012,7079.5,7559.42209631728,7494.900672494135,7555.600235021353,5371.0,7111.774285714285,7499.415431303038,0.0,7682.460789605792,7196.006206271136,7439.872641667943,7528.8,-100.08501425050781,7459.242573084091,7598.274176955603,7466.037348081034,7602.195202029314,7466.037348081034,7599.108542218711,7612.379010460616,7459.242573084091,1059.0,584.8724231624983,7570.743986840125,7700.962913863895,7704.652095198851,7230.202357916598,7447.528732767825,7544.0,8509.587118050807,7342.54257936508,7459.337082068273,7460.179706135851,7473.923756914135,7542.022465449836,7459.242573084091,7509.332334700685
47,7301.945091514143,7136.889999999999,7559.419139897303,9508.0,7559.42209631728,7463.933052753633,7544.29325016631,9269.0,7059.008333333332,7477.19862325835,0.0,7619.279143521192,6826.567519117088,7391.800970868093,6967.0,-141.38024337439856,7417.908349408726,7552.198710780988,7414.468712534892,7551.469713122702,7414.468712534892,7552.0435854473,7549.576337701916,7417.908349408726,1059.0,800.3387064918559,7570.262710534378,7274.926447865908,7532.420909865453,7286.281810442582,7403.389141515158,7544.0,5165.02100805586,7388.152500000001,7418.041852943546,7419.232144983174,7465.761204201739,7540.316407085942,7417.908349408726,7488.665222863003
48,7730.160063391442,7555.642857142858,7559.410367704742,6122.0,7559.42209631728,7190.52438775085,7520.91617181107,6450.5,7326.997666666666,7265.415941507717,0.0,7373.138582126842,7448.892527104942,6983.3982431665645,7626.8,-560.8790725741046,6998.013392893724,7576.019102418792,7014.137674041546,7577.694103499901,7014.137674041546,7576.375530314934,7582.044468471197,6998.013392893724,1058.9999999999995,823.6142031623173,7570.443099034998,7246.037731351916,7621.462098756232,6387.483166528314,6975.791445824788,7544.0,18460.042717178054,7576.579333333332,6998.54302374601,7003.265111354187,6965.0892034045455,7537.136324720288,6998.013392893724,7278.717744605502
49,7743.830949284786,8343.0,7559.416089475378,6328.0,7559.42209631728,7368.047771339791,7536.239589741081,8805.0,7417.694,7417.0180356638675,0.0,7301.501382966252,6886.690903745693,7198.276237937964,7924.6,-287.25579470146477,7271.895049682927,7542.458130262872,7272.826168019168,7540.746094892923,7272.826168019167,7542.093821742767,7536.299543313319,7271.895049682927,1059.0,676.0013028940222,7571.083488215564,7201.665323507452,7496.010388871203,6838.86543302996,7273.985770966462,7544.0,11808.613585869518,7632.348333333333,7272.166301613714,7274.584732064913,7273.2655624946865,7540.458395292705,7271.895049682927,7415.658573000103
50,7470.243288590604,7119.075,7559.418201493488,5748.0,7559.42209631728,7436.92929580285,7548.652873522325,6353.0,7360.44,7462.001749585188,0.0,7490.1227852749835,7391.18549910771,7355.0932042936365,7232.0,-186.2560596708572,7372.990157459593,7535.252486164147,7378.375633631678,7532.81324363517,7378.375633631678,7534.733433315411,7526.4779669752115,7372.990157459593,1058.9999999999995,747.6176682282862,7570.590855141411,7235.06320799097,7469.075520333773,6940.350917153362,7363.174336983184,7544.0,5606.609257285613,7424.153499999999,7373.166036647195,7374.734141920377,7345.795562220958,7537.978080999639,7372.990157459593,7466.206126888436
51,7865.730382293763,7351.9,7559.449633121198,6848.0,7559.42209631728,8428.804916089179,7647.536839723701,6518.0,7799.285,8221.304444920672,0.0,8302.83245357423,8493.217344199105,9032.752095397824,7392.0,1316.8494562650503,8877.51503648507,7496.391447604279,8849.47761546518,7490.030275951296,8849.47761546518,7495.037837117191,7473.508842832453,8877.51503648507,1059.000000000001,1217.7904198702356,7570.167279289436,7413.562783347486,7323.812036529014,10022.186412092124,8933.108347378067,7544.0,-117645.19459370742,7856.01,8876.271552579252,8865.184887372185,9011.657382502162,7533.543205862461,8877.51503648507,8218.468566401176
52,7363.878787878788,7596.6,7559.4142741131145,7379.0,7559.42209631728,7312.735687365321,7529.225477478286,6539.0,7656.59,7354.915215330346,0.0,6894.296987530735,7849.694118077989,7343.515133880766,8199.4,-374.0690217115771,7184.999846068982,7666.5998572357275,7193.785119709702,7677.416438510164,7193.785119709702,7668.901546082727,7705.509600249687,7184.999846068982,1059.0000000000005,1150.785963255467,7570.322090603962,7918.192442764585,7960.055108567386,6907.712675135929,7168.755042160481,7544.0,14106.253251176018,7861.648333333333,7185.353074606952,7188.502392843989,7197.66552007024,7533.536559454155,7184.999846068982,7372.21097119313
53,7363.878787878788,7482.2,7559.408255473567,9834.0,7559.42209631728,7123.033497253592,7516.27159379507,6394.0,7030.193333333334,7225.63857688962,0.0,7443.229069283325,7013.161849189516,6919.820250616913,7482.2,-661.8889967205614,6896.908086376643,7678.138760903791,6912.770309066853,7690.11987004552,6912.770309066853,7680.688252705917,7721.237579828086,6896.908086376641,1059.0,644.7437109042298,7569.775611306592,7679.00072198999,8003.187804147002,7316.175786557642,6905.532863978559,7544.0,14141.42030613573,7134.566666666667,6897.533099593567,6903.105598162802,6833.48505095442,7532.381899625471,6896.908086376641,7228.165091346962
54,7538.103092783505,8410.833333333332,7559.443446250226,8709.0,7559.42209631728,8232.64722734154,7629.706225248763,9585.0,8619.743333333332,8049.155455719814,0.0,8024.602919448424,8724.923229863529,8740.407986546306,8376.4,1020.9844132648782,8581.370611954942,7567.322716039948,8557.148973752397,7568.1200614464615,8557.148973752397,7567.492385271179,7570.190951767451,8581.37061195494,1059.0,1174.13135549144,7572.149594344445,7736.963230538069,7588.954800219759,8883.25897521706,8582.804007041626,7544.0,96113.19178610838,8130.318666666666,8580.406509581699,8571.810756803981,8511.71236054967,7538.555927985482,8581.37061195494,8070.39635413611
55,7100.125,7330.925,7559.405931645222,8389.0,7559.42209631728,7050.476114600159,7504.201806763287,5027.0,6879.49,7160.284885148677,0.0,6745.372205950357,6828.6459158682355,6783.841915714629,6644.2,-773.0178009813862,6785.674344626422,7591.447354769212,6806.331902856775,7594.679404103997,6806.331902856775,7592.135111068368,7603.073783289849,6785.674344626419,1059.0,753.6361123172949,7569.061648007631,7235.1570997156705,7679.133271954252,6567.19027102763,6796.095844200468,7544.0,-42428.60631166122,6951.564333333334,6786.404295335564,6792.912396559918,6777.371151614698,7534.885713105256,6785.674344626419,7172.548220471851
56,7494.678571428572,8133.625,7559.430899772366,5508.0,7559.42209631728,7836.369324161254,7588.779724580438,6013.0,7629.06,7760.349307212794,0.0,7404.254903044734,7066.32820312706,8052.146841796627,7652.0,420.99384800926055,7980.813483370977,7562.777746637379,7968.872392795504,7563.116405180951,7968.872392795503,7562.84981068173,7563.995979696932,7980.813483370979,1058.9999999999995,1272.4638930555147,7571.396239105386,7522.582371300826,7571.965596799832,8032.589811305599,7993.443649064637,7544.0,47186.188676263875,7804.7375,7980.415944326586,7976.871562070192,7987.3155478212275,7537.376662472534,7980.813483370979,7770.117789844129
57,7470.243288590604,7325.4,7559.417967507251,7052.0,7559.42209631728,7429.48011527762,7544.782463293925,9607.0,7428.4130000000005,7451.772432523998,0.0,7196.328851544438,7250.485560903693,7413.93560528515,7007.2,-197.4456171052152,7361.7900338694635,7577.966604062674,7367.228215646115,7579.838150673684,7367.228215646116,7578.364855400311,7584.698989816122,7361.790033869464,1058.9999999999998,690.5187763637158,7570.913646046669,7489.429213890031,7628.74190609,7165.941968528086,7354.126626086041,7544.0,-1332.9169292923743,7479.156666666668,7361.976479211396,7363.6387903002205,7369.792042723085,7541.362813715452,7361.790033869464,7460.606065093372
58,7487.950819672131,7446.8,7559.4144536435715,8324.0,7559.42209631728,7316.80184492193,7529.794295657181,9013.0,7789.68,7366.065392840727,0.0,7136.7880122653805,7512.860125392867,7152.982575015462,7008.0,-365.48361776008824,7193.593357103853,7532.948815368468,7197.390081344654,7530.277082048701,7197.390081344655,7532.380290191405,7523.337973066598,7193.593357103852,1059.0,905.9284679452152,7569.5916068821325,7454.37670359758,7460.464344263323,6458.122221578104,7180.936190732643,7544.0,11278.511808608084,7593.21,7193.9384785559405,7197.015515562351,7213.61172623956,7535.06679821443,7193.593357103852,7376.507726710567
59,7538.924242424242,7589.2,7559.4164829565025,9013.0,7559.42209631728,7382.429965818708,7540.282824309604,7189.0,8092.48,7411.2613128118055,0.0,7836.27733377525,8198.618794246777,7335.083218210243,8255.0,-268.4389629940292,7290.729649884239,7536.578513796095,7297.138151254605,7534.2730964705015,7297.138151254605,7536.087937965213,7528.2853947963995,7290.72964988424,1059.0,790.1583055796727,7570.467370917159,7600.916462737698,7474.032243071417,6898.9975260612555,7272.277961792464,7544.0,11652.825525694096,7856.291666666666,7290.98313332427,7293.243143302696,7335.739491377418,7536.704157464976,7290.72964988424,7425.07587310076
60,7538.103092783505,6493.5,7559.427408956917,9633.0,7559.42209631728,7730.060789468448,7587.837395270689,7281.0,7628.315,7684.2087127538125,0.0,7098.821830502624,7400.660709632367,7433.932833246357,7886.6,254.0580467647378,7813.720046806814,7522.843792961796,7817.040225281252,7519.152241769318,7817.040225281251,7522.058258050877,7509.564430048704,7813.720046806812,1059.0000000000005,1075.4082905320845,7569.9698689574025,8117.446242966185,7422.691530846177,7351.466993131944,7827.134697487982,7544.0,-35438.05993321996,7539.07,7813.480143079938,7811.3412072325455,8048.3477651500225,7533.036895642675,7813.720046806812,7686.571071562047
61,7562.656357388316,8046.9,7559.418389967608,7271.0,7559.42209631728,7442.789227454233,7549.719176152649,9615.5,7314.52,7459.057120936179,0.0,7435.399256250211,8212.61450931931,7309.851246690642,7224.0,-177.24295689723658,7382.011771190087,7562.802709799694,7386.933814855331,7563.1438876725715,7386.933814855331,7562.875309938769,7564.030005469084,7382.011771190086,1059.0,728.2341577672869,7570.991306391198,7587.267704386701,7572.058909692613,7231.862447894606,7373.129871119244,7544.0,29648.9801090182,7741.535,7382.179139421339,7383.671362631874,7366.265562871757,7542.297078632507,7382.011771190086,7470.716933753683
62,7841.475806451613,7336.068333333334,7559.426156724462,7419.666666666667,7559.42209631728,7688.288973662223,7574.91323480453,7419.666666666667,7419.666666666661,7650.293847849513,7488.0,7921.616321135895,7761.0609631792495,7788.096878858503,8032.4,194.17449484290046,7753.77994762432,7572.59639851992,7751.664877045068,7573.925973884134,7751.664877045068,7572.879322367058,7577.379188426148,7753.77994762432,1059.0,667.646616306124,7572.386810518456,7634.174606527235,7608.667950405916,7684.8090743205175,7750.851755466967,7544.0,8209.924069263074,7444.766250000002,7753.596591160823,7751.961819922663,7762.364041672447,7546.274104093875,7753.77994762432,7656.6010219708005
63,7324.333333333333,7549.9,7559.425362579972,9269.0,7559.42209631728,7669.4518922642765,7588.391747146536,7668.0,7431.67,7629.2317323234065,0.0,7947.919303236183,8353.550743031363,8000.598749285034,7594.0,156.1973663683093,7715.766957837539,7702.1461254633205,7733.166622638012,7716.550103003474,7733.166622638013,7705.211185819771,7753.960562044198,7715.76695783754,1058.9999999999995,921.122386247961,7570.688888623448,8110.044909149753,8092.927902253635,7585.203533148204,7702.036689326751,7544.0,-54996.362144090235,7527.6016666666665,7715.619462685162,7714.304424053439,7568.825551146596,7534.972219108463,7715.76695783754,7637.594527077409
64,7470.243288590604,7251.9,7559.428457755853,7118.0,7559.42209631728,7758.662725166771,7578.719335144414,9263.0,7557.109,7704.8479527914815,0.0,7876.293824002809,7787.330391071923,7995.835969595186,7322.2,304.21311602231435,7863.922476850353,7535.433584633949,7852.64360233268,7533.012618903261,7852.6436023326805,7534.918420953308,7526.724811312999,7863.922476850352,1059.0,665.7966202127047,7570.797434691811,7426.932485487144,7469.7524707090115,8255.275139436253,7852.189306518235,7544.0,13824.452219261793,7178.444285714287,7863.635212340416,7861.07401678924,7860.408485446738,7540.791636341188,7863.922476850352,7711.6722865838165
65,7806.347891566265,8126.355555555556,7559.431670966203,9879.0,7559.42209631728,7863.842350090253,7594.775400611314,8220.0,7979.276666666667,7750.9125430209515,0.0,8191.021571002234,7994.638570994573,7935.020453504278,8127.8,457.87344332201974,8017.727903609564,7598.426474875351,8014.377050343914,7602.362870141654,8014.377050343914,7599.2641108022635,7612.586598515819,8017.727903609562,1059.0000000000002,851.7475484285297,7571.028905945981,7752.111473920726,7705.221388434922,7775.463833773752,7959.503359676297,7544.0,44477.00615883515,8075.824523809523,8017.295539640421,8013.440665000656,8063.7174441106345,7537.965113953238,8017.727903609562,7788.574999963423
66,7533.139344262295,6404.228571428571,7559.385410479063,5598.0,7559.42209631728,6395.11846909923,7424.516052349336,5598.0,5598.0,6638.979414266462,2539.1951555417554,6645.392676308771,5669.349699767242,5784.816211575711,7407.4,-1754.3693979556847,5803.396070030945,7563.5290332810455,5822.5372409494685,7563.943513086155,5822.53724094947,7563.617231531539,7565.020012943853,5803.396070030943,1058.9999999999995,809.8393901265083,7569.036212764071,8101.673394169459,7574.773924092134,5603.217805797361,5806.80511910188,7544.0,405789.971291747,6225.02,5805.052698357631,5819.822880379742,5712.7858037539345,7532.054644855995,5803.396070030943,6681.409083174112
67,7770.550751879699,8370.683333333334,7559.421536741553,9310.5,7559.42209631728,7541.827459156352,7558.3266550360395,8849.0,7849.137785714286,7536.553340893038,0.0,7426.236631895977,8379.799034863301,7494.537026490018,7639.4,-26.759713804829516,7532.637113661088,7560.325739173274,7533.423167490689,7560.416936510401,7533.423167490689,7560.345145295081,7560.653797074483,7532.637113661088,1059.0,401.36411038200583,7571.713852857101,7590.0670797039875,7562.799934744701,7432.566395194173,7519.672505228519,7544.0,19610.66930852839,7774.696696969697,7532.662382512651,7532.887674771062,7556.18140303781,7544.934756201112,7532.637113661088,7546.029604989184
68,7717.739926739927,7334.0,7559.430111393072,5415.0,7559.42209631728,7811.525641791464,7585.633765568281,7387.0,7960.03,7742.901351275719,0.0,8298.218949581975,7782.704563082842,7902.82303411629,7801.0,383.2924195242231,7943.076453913985,7585.3809945068515,7932.078375143127,7588.000815350804,7932.078375143127,7585.93847309132,7594.805095634046,7943.076453913985,1059.0,1215.1053046064148,7570.357836677285,7529.074638645072,7656.457073417568,7787.276155697145,7931.218389272935,7544.0,-14941.379655891473,7692.289047619048,7942.71451584078,7939.487545049655,7990.956023433964,7534.955966154042,7943.076453913985,7751.249275115632
69,7643.974079126876,7782.2,7559.41896122493,5178.0,7559.42209631728,7460.676661111969,7549.121387199161,7253.0,7420.74,7462.313410426481,0.0,7347.787652676618,7234.208864545265,7445.694497353216,7103.8,-149.92461248900145,7409.355911957276,7582.086467191588,7413.251975061354,7584.373798140612,7413.251975061354,7582.573194374714,7590.314525314237,7409.355911957275,1059.0,538.5785632581574,7570.765263103214,7493.30127172613,7644.142052176748,7320.346923058538,7353.099528336016,7544.0,15618.138910756774,7267.508333333334,7409.497483829314,7410.75971162388,7442.099342293185,7540.1446736471125,7409.355911957275,7484.389004137277
70,7730.160063391442,7754.6,7559.424742462217,7470.0,7559.42209631728,7642.658923339307,7568.190345677794,7470.0,7470.0,7619.352909366502,7469.99999999999,7595.079996658705,7590.986583399676,7702.396926237148,7195.6,126.54244594427655,7686.084034656361,7558.93109240244,7682.470639044279,7558.881539363588,7682.470639044279,7558.920547880658,7558.752838667882,7686.084034656361,1059.0,633.6601577569758,7571.691141650325,7545.539013261884,7557.586712038461,7766.162630701485,7689.546327240193,7544.0,8191.800640009957,7587.302388888889,7685.964542261701,7684.899170873956,7666.43126432092,7546.306654686577,7686.084034656361,7622.753065486821
71,7815.898550724638,7884.8,7559.455124884265,9562.0,7559.42209631728,8607.759483706515,7683.854029499337,6560.0,8680.443333333335,8352.371331097293,0.0,8831.02079218556,8934.344591006291,9483.494085081227,8745.8,1579.4734423869395,9140.387015042445,7731.673974261129,9123.469339759822,7749.057957855186,9123.469339759822,7735.373157962493,7794.208181423443,9140.387015042445,1059.0,1280.28007565624,7571.917939080021,8725.886078393787,8203.303701372384,9555.444923523999,9228.194116044337,7544.0,90732.80359917725,8093.840666666667,9138.895538704024,9125.597820292911,9119.838722853397,7535.958037028729,9140.387015042445,8349.904555679861
72,7470.243288590604,7389.1,7559.421783151109,6133.0,7559.42209631728,7548.554411603394,7554.579661680339,7652.0,6680.555,7552.800954806618,0.0,7102.291800774063,6848.4941333624265,7606.705571935771,6832.6,-14.976055454128073,7544.431899166853,7543.371434724533,7541.809239326047,7541.751571759131,7541.809239326048,7543.026739813402,7537.544413219082,7544.431899166852,1059.0,663.4826393286357,7570.336596213089,7478.377601301694,7499.424342609752,7512.799232639324,7538.4577514870825,7544.0,12762.174220595634,7038.5095833333335,7544.446040862278,7544.572125519991,7562.703246903683,7539.643608573035,7544.431899166852,7551.926997742067
73,6723.0,6557.7,7559.401763005292,5018.0,7559.42209631728,6918.2340867842995,7489.931549665321,5313.0,6891.73,7060.88836623475,0.0,5940.787040672835,5765.41526002078,6584.0456268683665,6644.2,-972.3681410649169,6586.1357605923495,7596.718440697799,6609.14440344327,7600.482457941434,6609.144403443269,7597.519395850798,7610.258480746876,6586.135760592349,1058.9999999999998,642.9017159634577,7568.859037127545,7075.261697505548,7698.836716169755,6264.99104197149,6594.563199621921,7544.0,-48108.191444868586,6998.075523809524,6587.0539552486935,6595.240403583227,6613.391151774309,7534.375575252641,6586.135760592349,7072.778928454814
74,7762.6688102893895,7126.4,7559.42323180331,6183.0,7559.42209631728,7590.477074230223,7550.949156383684,6730.0,7082.791666666668,7571.179897017422,0.0,7454.230725704464,6987.295499228222,7466.214160263809,7003.2,54.300570433006214,7613.773942073488,7420.553090961158,7598.2351842999,7406.5381696746645,7598.2351842999005,7417.570818910659,7370.138179652063,7613.773942073488,1059.0,907.0036540339811,7570.146612451769,6816.085957611401,7040.326460737311,7631.032445384332,7610.906582523055,7544.0,-143484.0974748901,7416.42,7613.722666747302,7613.265505724038,7644.849662108574,7533.798746622921,7613.773942073488,7586.598019195384
75,7494.678571428572,7527.7,7559.430814692117,8297.0,7559.42209631728,7838.7582076485405,7599.581761891915,7899.0,7948.3544999999995,7765.082153757655,0.0,7733.898575919814,8243.524085354691,7973.860516554649,7769.4,416.92518847809333,7976.740981858218,7586.227729200686,7980.111544770122,7588.933004102973,7980.111544770121,7586.803391779525,7595.959228327762,7976.740981858218,1059.0000000000002,766.9123272242327,7571.99739102115,8001.226440904663,7659.622187785144,8215.151469236369,7988.920354943569,7544.0,-432.6835577995935,7807.841190476191,7976.347284796387,7972.837156923317,7975.9885367233155,7543.040571848422,7976.740981858218,7768.08153908775
76,7301.945091514143,7776.233333333333,7559.412934683018,5280.0,7559.42209631728,7266.624256561134,7521.108680727363,5280.0,6940.855,7344.283853625053,0.0,6772.304947109584,6928.455109625206,6951.522505434778,6915.8,-438.12248994714173,7120.885892972461,7521.773480565969,7119.564780393659,7517.973911432836,7119.564780393658,7520.964960232673,7508.105552152821,7120.885892972462,1059.0,577.7267376229129,7569.47515741459,7394.933819308055,7418.690677725958,7223.255665967107,7136.410604140976,7544.0,-11106.63756017221,7267.006034632035,7121.299606371843,7124.988196090748,7182.365777578383,7538.406281743446,7120.885892972462,7340.153994644871
77,7794.700787401574,6993.9,7559.4047049139135,7041.0,7559.42209631728,7006.427989935658,7482.650603864853,7041.0,6998.44,7143.66487205203,0.0,7306.657749650322,7190.144976981986,6791.869578858468,8154.8,-831.6818515063424,6726.954898392514,7561.064236801722,6732.906975097179,7561.2299647089085,6732.906975097178,7561.0995024800295,7561.660398390608,6726.954898392516,1059.0,958.5556259798013,7570.036159925896,6528.688847507468,7565.5604563948,6848.897407030243,6728.311920673963,7544.0,-682488.533952957,7130.966666666667,6727.74024480565,6734.742243555511,6952.32295308248,7532.120155095532,6726.954898392516,7143.188497354898
78,7806.347891566265,7822.752857142858,7559.427675171842,7894.8,7559.42209631728,7736.164503377264,7580.647415424668,7894.8,7894.80000000001,7687.0400737674445,8192.0,7777.298051875496,7888.602430549671,7905.02997766452,7894.8,266.78882623568643,7826.462847790747,7548.236724981696,7822.608566023764,7547.107876262528,7822.608566023763,7547.996514286567,7544.175995214124,7826.462847790747,1059.0,762.6476646194571,7571.078203948554,7751.627093446008,7517.610912981208,8015.540465009899,7824.049516294765,7544.0,7150.311699834983,7854.523984126987,7826.210922553508,7823.964805213821,7860.566895647367,7545.417593946283,7826.462847790747,7692.942472054014
79,7324.333333333333,6265.6,7559.417454551889,5329.0,7559.42209631728,7411.108264397194,7540.125226598934,8448.0,7860.005,7443.474106181661,0.0,7379.520416545857,7339.663869444837,7360.101396746274,7626.8,-221.97587815230065,7337.236609214929,7536.080415969883,7336.666087659374,7533.724729674555,7336.666087659374,7535.5791432724,7527.606467866766,7337.236609214929,1058.9999999999998,851.2775923287725,7569.982954764837,7139.969063786596,7472.170341583643,6942.374272652746,7322.540987512014,7544.0,13717.845015121571,7342.868666666667,7337.446218165025,7339.3150515638745,7309.577530140423,7537.798493211107,7337.236609214929,7448.329352766104
80,7717.739926739927,8681.0,7559.428868315954,5873.0,7559.42209631728,7773.336419821058,7581.358605988792,5439.0,7540.294666666667,7702.127669295324,0.0,7392.814118671377,7293.526801095697,7947.278922218631,6508.2,323.8466888992225,7883.574589456315,7499.664310540976,7877.01257368958,7493.633442373077,7877.01257368958,7498.380986203314,7477.969883752115,7883.574589456316,1058.9999999999998,836.2500176800593,7570.683667105242,7552.968228398664,7336.046075808937,7754.646516543509,7868.3944920182075,7544.0,95614.12089351773,7383.61775,7883.268785217505,7880.542292981675,7842.979847398697,7539.445659350977,7883.574589456316,7721.498342886797
81,7799.869269949067,8958.4,7559.418737874132,9733.0,7559.42209631728,7454.884433548196,7554.085306110633,9157.0,7711.246,7466.534152668328,0.0,8007.780315258096,6669.76667607005,7191.226024234916,7166.0,-160.60556801839266,7398.664870541574,7586.237903113558,7406.566333785737,7588.944204786273,7406.566333785737,7586.813784181583,7595.973095771194,7398.664870541573,1059.0000000000002,811.0595600252938,7570.758451246713,7970.080877835589,7659.660218112754,7614.588622647343,7374.5139969699785,7544.0,212973.0034384932,7544.592000000001,7398.81652830174,7400.168679950139,7373.462230809655,7533.792253975261,7398.664870541573,7479.043483429428
82,7730.160063391442,8089.6,7559.409590225255,5267.0,7559.42209631728,7162.387065446433,7508.660364126397,5223.0,7271.075,7255.463408141686,0.0,7184.64473603032,6444.816448503756,6668.025039274618,7624.4,-598.0592567267158,6960.798099971122,7465.613255018628,6966.941000050896,7456.145890264294,6966.941000050896,7463.598669512112,7431.556955688533,6960.7980999711235,1059.0,570.0151335248864,7568.278977657853,7103.380093687346,7208.76242267688,6746.931206680613,6960.655413190558,7544.0,40936.124002003926,7561.399714285712,6961.362839590316,6966.397950264351,6997.235306665535,7536.14548367159,6960.7980999711235,7260.110098144201
83,7717.739926739927,8604.2,7559.427042294525,9306.0,7559.42209631728,7715.775196685479,7577.814970933253,9306.0,9306.0,7671.590534353991,9288.0,7295.191753104549,7297.530634798127,7891.617007936421,7188.0,236.52372527374246,7796.169167885575,7543.3424248288375,7791.734325853584,7541.719634130184,7791.734325853584,7542.997106917629,7537.504871590155,7796.169167885575,1059.0,725.1194956050676,7571.2584388102105,7710.463830025382,7499.315902931614,7863.378211148048,7795.690008916561,7544.0,6075.270668938972,8041.233,7795.945821591643,7793.954508656685,7830.732991003896,7544.883634754385,7796.169167885575,7677.795632101428
84,7375.540192926045,7409.5,7559.425680693974,5339.0,7559.42209631728,7675.143162563816,7580.067654166468,7929.0,7620.295285714286,7643.3416675502185,0.0,7501.070223518263,7501.479097095467,7733.505140805927,6976.0,171.41003414239822,7730.993990738271,7565.541204407433,7735.013400635896,7566.158756308285,7735.013400635896,7565.6726149045735,7567.762681337182,7730.993990738271,1059.0,674.4602537298884,7571.12326577362,7906.504904480539,7582.295467485272,7761.665140562125,7735.092337585793,7544.0,-1454.2225456449942,7524.862500000001,7730.832130460515,7729.389015112256,7737.325730861502,7543.039516962857,7730.993990738271,7645.208043527776
85,7643.974079126876,7608.0666666666675,7559.422197261221,8807.0,7559.42209631728,7564.424086842995,7562.874664276979,9821.0,8172.196999999999,7554.9324951932285,0.0,8069.16050648482,8024.161464005513,7614.55366201371,7676.2,4.8272840460558655,7564.253938702807,7590.828629706513,7569.5962255089,7593.9982361439115,7569.5962255089,7591.503098616906,7602.230436692053,7564.253938702806,1059.0,726.9223886521286,7569.864077191381,7533.586745362113,7676.820462995573,7450.275450787127,7558.37163873312,7544.0,7674.760967968854,7428.166666666666,7564.249380360934,7564.208739054672,7531.0335288832475,7541.034387268962,7564.253938702806,7561.838017510044
86,7522.47577092511,7900.669960317461,7559.428008582608,7461.2,7559.42209631728,7747.3200964475145,7581.930730138755,7461.2,7461.199999999992,7693.412957726728,7808.0,7131.9624928463245,7792.421320122867,7921.718158926025,7461.2,282.73300725193485,7842.422084690214,7579.498329470184,7840.11610833505,7581.524460691084,7840.11610833505,7579.929475274517,7586.786791796452,7842.422084690214,1059.0,720.37364889889,7572.093304725492,7719.301191395928,7634.467531991231,7826.948343119098,7840.530537549502,7544.0,7774.0870707374415,7394.381559884561,7842.155103569107,7839.774750842011,7848.381111226614,7544.994664673227,7842.422084690214,7700.922090503746
87,7470.243288590604,7447.0,7559.420559879859,6387.0,7559.42209631728,7511.647081579501,7553.898459497333,8324.0,7762.101333333333,7521.963789809318,0.0,7316.33589970372,7435.885748447736,7668.663877916579,7268.0,-73.47464103741004,7485.878074128072,7568.849418311058,7489.64107429315,7569.800841383085,7489.64107429315,7569.051874134955,7572.271907015285,7485.8780741280725,1058.9999999999998,678.5643987832261,7569.970100027462,7550.4432156707635,7594.661649517993,7683.449569180863,7490.5423351395275,7544.0,8392.363229058075,7332.41025,7485.94745528108,7486.566044401123,7481.675105955938,7541.302517497505,7485.8780741280725,7522.650085222676
88,7799.869269949067,8111.833333333334,7559.420478103983,7310.0,7559.42209631728,7507.100563880114,7550.345815234353,7630.0,7703.88,7516.976239687124,0.0,7535.083247781889,8301.16128000913,7446.478230713499,7465.4,-77.38528065204446,7481.963741744668,7544.871449141854,7479.915853578393,7543.402970453552,7479.915853578394,7544.558967690168,7539.588991872445,7481.963741744668,1058.9999999999998,613.7226997172543,7571.416215834694,7344.2797032920535,7505.031432077569,7292.783779523547,7478.132153191222,7544.0,-28882.382580763155,7428.656666666668,7482.036815664076,7482.688328784637,7510.062548776782,7543.729888574931,7481.963741744668,7520.692919030975
89,7643.974079126876,8054.975,7559.424942521862,8237.5,7559.42209631728,7649.24345937473,7569.346979729513,8237.5,8237.5,7623.573607075255,8352.0,7586.222536991239,8224.200058896322,7789.194539322663,8506.0,136.1095851260252,7695.660207963516,7572.721114030462,7692.648073843395,7574.063275918638,7692.648073843395,7573.006716197219,7577.54918057266,7695.660207963516,1059.0,723.7551297832794,7571.491623577012,7628.834848615785,7609.134139942204,7819.504900493689,7697.075812095783,7544.0,9590.168622805872,8077.490476190477,7695.531681443094,7694.385763514065,7727.067143822509,7545.918033627935,7695.660207963516,7627.541152140398
90,7834.317669172932,6796.8485714285725,7559.423963645065,7686.5,7559.42209631728,7618.594783718961,7568.660064090329,7686.5,7686.5,7599.2584263126455,7424.0,7770.8808702278075,7739.030006688746,7635.916003941447,7962.8,89.29829274194708,7648.8047122809685,7505.269276639019,7647.557542558632,7499.804072194829,7647.557542558632,7504.106321376483,7485.609673013173,7648.804712280969,1058.9999999999998,847.4934475086931,7569.758698722442,7855.69517741288,7356.997572016509,7909.233696619937,7653.151806542011,7544.0,25476.237949488434,7619.5561071428565,7648.720389058361,7647.96857929721,7703.4505849480365,7539.825681673381,7648.804712280969,7604.113404299124
91,7730.160063391442,7372.3,7559.42020714049,7412.0,7559.42209631728,7498.86047213593,7551.183410941957,7412.0,7412.0,7509.576471030636,7411.999999999991,7808.0102148505,7477.534891473022,7494.713486284102,7827.2,-90.34314354164235,7468.993642913912,7545.663130715,7468.165677176595,7544.274550020517,7468.165677176595,7545.367650968067,7540.668084997167,7468.9936429139125,1059.0,623.1934196722981,7571.2528560910105,7450.549893486148,7507.990756574313,7426.958805108527,7467.1777749532,7544.0,11243.497788103561,7437.580666666667,7469.078952775613,7469.8395592226425,7480.118338277165,7543.990934803807,7468.9936429139125,7514.207869615596
92,7562.656357388316,7275.6,7559.424266559613,7205.0,7559.42209631728,7629.213046354441,7570.2693441514075,9734.0,7534.93,7607.601065194129,0.0,7631.301128779249,8273.144165760963,7796.705372344828,7476.4,103.7841008832329,7663.304199185799,7544.518857826528,7664.912843560242,7543.014794959324,7664.912843560242,7544.198804323596,7539.108396040597,7663.304199185799,1059.0,751.1726466281466,7571.174265756916,7717.604034817351,7503.713437378464,8098.246005288766,7671.224011696362,7544.0,2331.406329756828,7875.239702380953,7663.206197201961,7662.332430216028,7647.146131391759,7544.259171673963,7663.304199185799,7611.363147751539
93,7480.119521912351,7738.88,7559.426014224592,8015.0,7559.42209631728,7687.121749510599,7583.553630185269,7118.0,8007.889,7637.875732354664,0.0,7786.507681229676,7475.938346332071,7900.224012036643,7843.4,187.3599466753367,7746.958964569069,7658.940556775688,7754.984187645449,7668.98414703761,7754.984187645451,7661.077758827165,7695.069672446689,7746.958964569068,1059.0,914.1349518000409,7570.920181943529,8189.065865024189,7931.424461791985,7945.72276758032,7730.297024394454,7544.0,94426.06016812893,7442.113333333333,7746.782042995247,7745.20464400544,7777.240563192406,7537.412483791908,7746.958964569068,7653.190530443174
94,7730.160063391442,7710.2,7559.421644275702,5799.0,7559.42209631728,7544.460904968468,7556.914981036689,8288.0,6864.346666666667,7544.376939564968,0.0,7298.2966336677955,7250.138056977563,7490.197031450507,6870.0,-21.617276539982413,7537.784406861998,7565.594636320856,7536.176211726125,7566.217580670936,7536.176211726125,7565.727194291485,7567.835511136904,7537.784406861998,1059.0,596.5150282719721,7571.085518857509,7456.835683348358,7582.495197244892,7366.0835805607085,7534.696644828119,7544.0,13302.37419665837,7230.781833333333,7537.804819776578,7537.986817427529,7520.766275851813,7542.900219862092,7537.784406861998,7548.6032515896395
95,7635.035230352303,7124.1,7559.420229432316,5553.0,7559.42209631728,7499.421380445866,7551.142333653403,8849.0,7353.788333333334,7507.110161671657,0.0,7357.858177957288,8138.490944829639,7439.476620668075,6371.2,-89.27711645138879,7470.060676639773,7555.151221264421,7468.781368380545,7554.72019651893,7468.781368380545,7555.059502372444,7553.600725626824,7470.060676639772,1059.0,557.1940202236866,7570.872425855095,7513.921893266308,7543.457464077271,7381.070283020676,7461.867649781543,7544.0,10085.82728934247,7562.444166666667,7470.144979865884,7470.896611342088,7463.919713365164,7542.482435922544,7470.060676639772,7514.741386478527
96,7762.6688102893895,7955.0,7559.4335368313905,9174.0,7559.42209631728,7923.635262554862,7602.642042040301,9734.0,8221.561666666666,7824.3342570972345,0.0,8037.40350842578,9136.806994894498,8314.066116332828,9242.2,547.101792579786,8107.040510044911,7587.931028422903,8104.443181302394,7590.808203487258,8104.443181302394,7588.543270090438,7598.280892166337,8107.040510044912,1058.9999999999998,1009.0855845334612,7572.331957144634,7884.9713943680645,7665.989160674974,8247.980803970066,8121.170658360545,7544.0,8576.0657400581,8169.105424242423,8106.523888899885,8101.917793358964,8115.624806451875,7541.722513858205,8107.040510044912,7833.2313031810945
97,7643.974079126876,8054.975,7559.424942521862,8237.5,7559.42209631728,7649.24345937473,7569.346979729513,8237.5,8237.5,7623.573607075255,8352.0,7586.222536991239,8224.200058896322,7789.194539322663,8506.0,136.1095851260252,7695.660207963516,7572.721114030462,7692.648073843395,7574.063275918638,7692.648073843395,7573.006716197219,7577.54918057266,7695.660207963516,1059.0,723.7551297832794,7571.491623577012,7628.834848615785,7609.134139942204,7819.504900493689,7697.075812095783,7544.0,9590.168622805872,8077.490476190477,7695.531681443094,7694.385763514065,7727.067143822509,7545.918033627935,7695.660207963516,7627.541152140398
98,7799.869269949067,8383.1,7559.42177537315,8258.5,7559.42209631728,7548.379091890364,7556.408572494721,8258.5,8258.5,7548.022873380107,8448.0,7697.649914982847,8157.727941440692,7567.504550324977,7938.0,-15.348008619337634,7544.0595947718475,7551.135921971765,7541.655584581964,7550.299665667338,7541.655584581964,7550.957972787979,7548.127714750509,7544.059594771848,1059.0,629.2866022901104,7571.329906299753,7474.486642375546,7528.448180090392,7563.294698292949,7542.975757319382,7544.0,7772.848958417117,8263.476,7544.074087697833,7544.203303860205,7555.779046622261,7544.339292532151,7544.059594771848,7551.740845544564
99,7162.8,6737.0,7559.412695253936,5522.0,7559.42209631728,7264.764107277629,7532.249961362102,5522.0,5522.0,7326.470759720773,5521.999999999994,6278.937624595511,5682.576372308464,6955.42749885796,7963.2,-449.5723319994577,7109.425238980582,7609.002841722083,7125.444986535025,7614.006623828767,7125.444986535025,7610.067609708895,7627.002602545686,7109.425238980583,1058.9999999999998,744.4364637193353,7569.921669847525,7442.2286386496635,7744.756098547894,6745.235015838852,7107.899063241933,7544.0,140523.42997791132,6431.261666666666,7109.8497643176925,7113.63475121011,7173.123208487347,7534.657719824611,7109.425238980583,7334.423667648931
100,7635.035230352303,8289.35,7559.426683943926,8224.5,7559.42209631728,7705.318945280949,7578.249869271811,7069.0,7760.9025,7665.039687548407,0.0,7490.1532477794735,7915.362283444325,7860.06169388119,7405.4,219.38688569982662,7779.016146216182,7563.9731566308665,7777.518593309384,7564.432458200006,7777.518593309384,7564.070892622699,7565.625370539099,7779.016146216181,1059.0,685.7536415629701,7571.966669087075,7783.3550667222535,7576.434067707047,7801.0568967712,7785.263387548051,7544.0,5442.1937429357,7712.348249999999,7778.808982018164,7776.961945562311,7742.64125201667,7545.603669403006,7779.016146216181,7669.219121266731
101,7459.621837549934,6967.988333333333,7559.424129922837,6883.2,7559.42209631728,7623.746782258296,7567.039647024624,6883.2,6883.199999999995,7604.5021397013425,7040.0,6950.679313530469,6753.531859156697,7701.020257515852,6883.2,97.24993431810617,7656.763862490141,7566.56911085249,7655.054387967466,7567.290401005664,7655.054387967466,7566.722596085845,7569.163758254143,7656.763862490141,1059.0,696.588881605895,7571.294953590186,7577.940697230971,7586.137806155772,7805.324919905766,7659.214399037872,7544.0,6755.0646752254,6860.947548701295,7656.672030635261,7655.8532753416575,7653.168419206009,7546.107145602608,7656.763862490141,7608.09297940371
102,7770.550751879699,7136.275,7559.42515026873,8937.0,7559.42209631728,7656.822595149646,7572.497095099248,6665.0,6925.105,7627.380562460472,0.0,7592.728608259791,6992.637934758447,7802.290685033973,7370.6,146.04433827776302,7705.604342375688,7556.854888429632,7705.44134675597,7556.595800979707,7705.44134675597,7556.799756528086,7555.922890986172,7705.604342375688,1058.9999999999998,754.5762819331397,7571.290657911504,7773.373274636443,7549.825812346736,7881.026304034598,7708.157941671227,7544.0,3421.0812565488914,7199.987000000002,7705.466434596388,7704.2368751534395,7715.233338813058,7545.27477418976,7705.604342375688,7632.513219346484
103,7459.621837549934,7316.1,7559.422143343013,9838.0,7559.42209631728,7561.240219063717,7562.812143864869,6291.0,7978.627619047619,7556.349925085529,0.0,7636.756353439584,8060.809079363289,7648.779545097491,7867.8,2.248837995874055,7561.673057862835,7573.493140678969,7562.625503011034,7574.913216948991,7562.625503011034,7573.795322452458,7578.6014832619785,7561.673057862835,1059.0,574.2259887026764,7571.440622088571,7774.194210146578,7612.019993864494,7623.298218639781,7568.756801457189,7544.0,4037.760850577316,7696.936750000001,7561.670934314207,7561.652001159883,7540.793668050129,7545.738530108707,7561.673057862835,7560.5475770900575
104,7717.739926739927,7496.3,7559.419125287473,7817.0,7559.42209631728,7464.589231550632,7548.256851049842,6146.0,7350.196785714285,7488.83317200635,0.0,7619.781008038382,7648.176053531483,7345.355539750656,6539.4,-142.07890636986122,7417.209026673921,7564.297720475052,7417.136571660696,7564.789777637977,7417.136571660696,7564.402426616046,7566.067763825332,7417.209026673921,1059.0,518.2515736527013,7570.691380796873,7479.640730572824,7577.647295054301,7289.3503189212215,7422.512817614349,7544.0,7792.25434991686,7434.224166666668,7417.34318994717,7418.539364088732,7407.378918577538,7542.833261322845,7417.209026673921,7488.3155614956
105,7162.8,6918.8,7559.415431833264,9279.0,7559.42209631728,7348.686897361283,7535.274677890887,8324.0,7818.6,7387.3337477977575,0.0,7324.238579091055,8198.235214092329,7198.181406355922,7311.0,-318.7051837785475,7240.415963357893,7554.812554479678,7246.222632408675,7554.347350845108,7246.222632408675,7554.713562571781,7553.139109477876,7240.415963357892,1059.0,941.1763426138489,7569.925270840071,7501.265639373045,7542.191519603733,6574.05214109862,7225.152358902089,7544.0,11403.18031721196,7335.81,7240.71691253993,7243.400118016073,7256.998014841401,7535.019564891809,7240.415963357892,7399.919029837587
106,7704.822429906542,7552.4,7559.42255694519,7453.0,7559.42209631728,7573.486859159478,7561.229663309533,7810.0,7031.715,7563.176811597072,0.0,7339.703651714814,6729.5891725403335,7769.7864460315595,6978.2,22.027887280820323,7581.470784245948,7548.036600712224,7579.567696915204,7546.88755507527,7579.567696915205,7547.7920922617095,7543.903217963013,7581.470784245948,1059.0,1020.5852304809846,7569.324404769397,7239.187215946504,7516.862843715568,7740.373770106177,7541.854023919902,7544.0,1880.6973209182506,7057.2439523809535,7581.449983596959,7581.26452898001,7611.397908189159,7535.951983774188,7581.470784245948,7570.446440281614
107,7538.924242424242,6413.95,7559.41879826651,6116.5,7559.42209631728,7455.921753196544,7548.487530975955,7529.0,7109.970166666667,7468.011752667084,0.0,7358.592141843224,6838.235915234259,7338.600379562086,7605.6,-157.71751786620007,7401.55564783957,7552.75173706866,7406.787515432781,7552.078551863781,7406.787515432781,7552.60848821408,7550.330134285112,7401.55564783957,1059.0,387.5928472929591,7570.690677322715,7464.90803412983,7534.488135244905,7224.13828801666,7377.980417258882,7544.0,16318.90238201558,7439.474404761905,7401.704578451341,7403.032415365086,7438.036304941746,7542.957053528319,7401.55564783957,7480.488872078425
108,7770.550751879699,7069.5,7559.4268937071565,9465.0,7559.42209631728,7707.717774703613,7571.250273656069,9879.0,7846.744285714285,7672.415247889091,0.0,8067.229341587509,7465.588437762383,8027.170612278436,8211.8,229.41806422334048,7789.056797051269,7603.871092634786,7774.674430742289,7608.356968968788,7774.67443074229,7604.825654086785,7620.007826684106,7789.056797051269,1059.0000000000002,829.6094089090548,7570.813024447478,7626.31877812709,7725.57349874979,8688.855256183047,7801.362092171432,7544.0,29218.60912180641,7791.158333333333,7788.840160541143,7786.9086707581555,7830.306903048596,7541.950449830059,7789.056797051269,7674.239446684274
109,7770.550751879699,8156.6,7559.425136477693,8344.0,7559.42209631728,7656.882235342737,7574.307657113491,8344.0,8344.0,7616.779647898192,3754.4104895446453,7882.004342343245,8314.564898583809,7702.1163520267455,7403.8,145.38483107787033,7704.944212409087,7594.953589854258,7706.280397301844,7598.539495030401,7706.280397301844,7595.716644070828,7607.852919627325,7704.9442124090865,1059.0000000000005,612.0946771990365,7570.57585162067,7924.347014406998,7692.239661859597,7409.490130032119,7689.938358916909,7544.0,20012.581915103463,7897.823333333334,7704.806927393906,7703.582920397003,7780.203179502831,7538.675739836813,7704.9442124090865,7632.183154363183
110,7122.949275362319,6940.4,7559.421321667479,5027.0,7559.42209631728,7538.327737633953,7566.0554094072395,7679.0,7070.94,7531.572991471686,0.0,7301.19290348744,6981.417306390523,7683.631245600957,6873.8,-37.044864484560094,7522.342250848885,7640.870686840017,7533.218865735694,7649.090631831664,7533.218865735694,7642.619830606443,7670.439728952218,7522.342250848887,1059.0,825.4547100430345,7569.792722748114,7821.7457244288835,7863.878859409008,7734.102454482486,7508.274475979955,7544.0,6155.771243031516,7312.96,7522.377231835176,7522.689115633434,7538.636145035265,7537.14856506991,7522.342250848887,7540.8821735830825
111,7717.739926739927,7208.25,7559.420100852104,5565.0,7559.42209631728,7493.508234335264,7544.805381591116,7229.0,7267.3,7504.142054679369,0.0,7318.128076383251,7409.762021566598,7384.168160088056,6296.2,-95.42600659740856,7463.905980177768,7541.439114600689,7457.196626510744,7539.624238252953,7457.196626510744,7541.052922277784,7534.910584883132,7463.905980177767,1058.9999999999998,1015.4652357061228,7570.536840825395,7547.3786177354905,7492.201284157951,7091.035195143701,7465.340150419391,7544.0,9018.513223352355,7425.63,7463.996089721295,7464.799489215556,7447.145391956796,7536.524078352565,7463.905980177767,7511.664038247524
112,7162.8,7752.8,7559.392180187446,7964.0,7559.42209631728,6612.3961064723335,7450.985793206154,6250.0,6512.215,6805.346317930278,0.0,6342.105387051787,6498.672365742246,6050.957982044365,7370.0,-1430.6322340233983,6127.438934784297,7557.8809501594205,6150.327288315422,7557.725414789681,6150.327288315422,7557.847853378029,7557.32145348366,6127.438934784297,1059.0000000000002,573.490851381913,7569.305862498317,6964.2880732075355,7553.661255427807,5609.823009509661,6114.751900101981,7544.0,165186.6853311161,6946.06,6128.789862295177,6140.834474181238,6045.405124649243,7532.281819606889,6127.438934784297,6843.430515550788
113,7533.139344262295,7508.5,7559.427008493911,7069.0,7559.42209631728,7718.381060651539,7587.864147242133,9952.0,7889.88,7670.539670285631,0.0,7914.157468775852,7636.774877126341,7932.708070250999,7843.4,234.90733144409023,7794.551247717347,7699.627476356054,7801.169837919991,7713.777267089755,7801.1698379199925,7702.6384476318035,7750.527544240793,7794.551247717346,1059.0,821.1513221518746,7571.176264262028,8237.48625189622,8083.513132155825,7817.569801553965,7789.217363284433,7544.0,97750.39168172724,7612.004761904761,7794.329427763196,7792.351723382452,7830.7441664875,7538.235476494851,7794.551247717346,7676.986672017313
114,7704.822429906542,7184.4,7559.427888319379,8003.0,7559.42209631728,7746.526876672512,7585.110027937958,9310.5,7543.83,7679.750998216945,0.0,8049.565602019756,6971.85498797746,7877.316332359287,7769.2,276.9818472029583,7836.665493897892,7636.311968146496,7843.493039802364,7644.071838670891,7843.493039802364,7637.963211454063,7664.226016057308,7836.665493897891,1059.0,827.4289363350816,7571.513139542341,7962.919388380403,7846.83826081341,7584.360234455088,7815.773612349136,7544.0,-4281.442174421953,7668.755,7836.403943522816,7834.072010290964,7897.462378043377,7539.5313319243,7836.665493897891,7698.0437951075855
115,7770.550751879699,7203.8,7559.421180132919,7752.0,7559.42209631728,7528.256056544022,7550.313489213957,5010.0,7225.045,7535.285323083462,0.0,7542.425792527779,7468.028529685379,7447.169815809192,7017.4,-43.81325012771413,7515.567473903413,7542.932817004449,7509.778599411371,7541.268687913529,7509.77859941137,7542.578702587763,7536.94656001373,7515.567473903413,1059.0,1024.950931375294,7570.515638978022,7271.063210304281,7497.784779169374,7043.049661841957,7522.291711883616,7544.0,31112.17548965327,7486.534000000001,7515.608846188708,7515.977713589229,7469.91952984903,7535.170396725108,7515.567473903413,7537.494785110346
116,7470.243288590604,7785.6,7559.422282582899,9608.0,7559.42209631728,7567.582922737337,7566.650336258291,7310.0,8154.295,7561.832849666005,0.0,7329.032874269366,8195.869666525734,7665.728289623795,8561.2,8.90748903567328,7568.337996577908,7575.843239477243,7574.988675316825,7577.500492139426,7574.988675316825,7576.195890640529,7581.804760364358,7568.337996577907,1059.0,812.2546197579259,7570.996266189808,7858.740589399609,7620.804718909779,7546.884097974941,7580.089745896338,7544.0,32011.759176446587,7945.511666666666,7568.329585351246,7568.254592459472,7517.737630200235,7542.722294645734,7568.337996577907,7563.8800464475935
117,7643.974079126876,5956.162142857143,7559.424942533158,6065.4,7559.42209631728,7649.243818376566,7569.347022372109,6065.4,6065.4000000000115,7623.573880210597,5824.0,7028.528359274087,6641.504843795831,7789.195134400121,6065.4,136.11012530995504,7695.66074865714,7572.721093405918,7692.648610155279,7574.063253212626,7692.648610155279,7573.006695129754,7577.549152460594,7695.66074865714,1059.0,723.7544477311726,7571.49162693477,7628.8350457005545,7609.134062847168,7819.505196966521,7697.076342469789,7544.0,9590.18492504048,6094.50900757576,7695.53222162663,7694.386299149751,7727.067646435972,7545.918044020474,7695.66074865714,7627.54142248721
118,7700.785714285715,6978.6,7559.405772843189,6675.0,7559.42209631728,7046.546535616529,7509.561090155219,8320.0,7166.55,7158.5640855825195,0.0,7523.880488550722,7509.499276087017,6344.600953197517,7621.2,-780.611941957457,6778.073032602287,7587.653105876597,6802.144477930018,7590.502232474699,6802.144477930018,7588.259379037049,7597.902072803733,6778.073032602288,1058.9999999999998,1295.303663909578,7570.037173859775,6768.650030805075,7664.950279605386,6267.5238533275515,6803.28320573535,7544.0,65250.71921765285,7580.3388888888885,6778.810154360509,6785.382191289987,6841.17162580463,7532.926360867668,6778.073032602288,7168.747564459784
119,7717.739926739927,6948.530000000001,7559.418671252016,9193.0,7559.42209631728,7450.918570787046,7546.309299064836,9193.0,7484.38,7474.664922690637,0.0,7764.838115912205,7939.406661540413,7455.173044391352,7497.4,-163.79153310623587,7395.475896984525,7629.401590907545,7397.85771905933,7636.464053159911,7397.8577190593305,7630.90443087021,7654.806900063293,7395.475896984525,1059.0000000000002,937.6072458323619,7570.356685750178,7778.545450985109,7821.007106800666,7342.251252626714,7399.136834735375,7544.0,21318.630488969982,7467.565500000001,7395.630563210311,7397.009537764065,7450.655440689849,7536.586738068933,7395.475896984525,7477.448996650903
120,7841.475806451613,8926.55,7559.430016679596,8918.0,7559.42209631728,7810.33357952171,7588.7253753486975,9035.0,8990.54,7745.459127239107,-461952.0,8298.048693173223,8943.442426282854,8049.06672342073,9271.4,378.76308521569445,7938.542842614583,7577.7326255702055,7933.035799633267,7579.580558631552,7933.035799633267,7578.125852118353,7584.380067927423,7938.542842614582,1059.0,809.7822250460113,7572.343086832645,7778.261112690368,7627.8672889358795,8023.191739940336,7946.248994954926,7544.0,5412.144660149059,8961.632777777777,7938.18518153317,7934.996343584673,7958.47676898548,7546.863382820288,7938.542842614582,7748.982469465931
121,7730.160063391442,7139.433333333334,7559.415899750953,8608.0,7559.42209631728,7363.230396719103,7539.180842030185,9615.5,7995.565,7413.499473483,0.0,7365.59863687945,7148.501255167292,7159.77920674335,9137.2,-296.32868879501984,7262.8135881741555,7540.946016468072,7267.455505665872,7539.081375729085,7267.455505665872,7540.54923464915,7534.238472732529,7262.8135881741555,1059.0,707.3478164950459,7571.028900856743,7411.572204373113,7490.358071643412,7079.361343766453,7274.5281612789295,7544.0,5872.472589155024,7606.709,7263.09340752146,7265.5882234233895,7246.8696426163715,7540.232913258482,7262.8135881741555,7411.117842245717
122,7590.985185185185,6776.5,7559.418242777584,5357.0,7559.42209631728,7436.405284764422,7544.866600396964,5442.0,6606.6,7456.354811851382,0.0,6915.960923577346,6629.710967084788,7318.565879001826,7146.8,-184.28179495310906,7374.96628645197,7533.636933372185,7374.827471524014,7531.034646215968,7374.827471524013,7533.083185827357,7524.275904972552,7374.966286451971,1059.0,853.241782744443,7569.5022445043405,7385.274572562734,7463.036545681325,7434.534695033378,7351.038619925083,7544.0,4477.372285199527,6879.8133333333335,7375.140301366938,7376.691785141075,7479.326649929264,7534.760088144856,7374.966286451971,7467.194191384626
123,7470.243288590604,6827.8,7559.425890556446,5419.0,7559.42209631728,7676.077213057919,7567.908356610186,8736.0,7596.091666666666,7640.985456692967,0.0,7862.706288077489,7572.2677709374375,7794.897641868867,8167.6,181.44595856648812,7741.039391952784,7637.244823827336,7727.7701509036915,7645.098839902103,7727.7701509036915,7638.916100614779,7665.4975350438535,7741.039391952784,1059.0000000000002,615.4197337812611,7570.407779976605,7604.839090430325,7850.3252974729485,8177.225186707626,7695.675828323659,7544.0,-37058.80430115873,7546.129722222223,7740.868054881429,7739.340446249925,7654.7271518956795,7535.299838166446,7741.039391952784,7650.230744135031
124,7643.974079126876,7275.0,7559.4225856309085,5959.0,7559.42209631728,7574.467204923248,7560.213453151417,7447.0,7114.085,7562.128263377381,0.0,7473.53902900346,7735.712640849427,7520.042940021511,7097.6,23.399679487620233,7582.8438718202,7536.373455658444,7581.135646632262,7534.047343479806,7581.135646632262,7535.878476115222,7528.00589248889,7582.8438718202,1059.0,831.7255113586853,7570.800320334266,7567.625853588008,7473.26573088951,7605.425871991756,7578.312426645446,7544.0,6195.820139815918,7377.859666666668,7582.821775805574,7582.624771955813,7600.6454215810145,7542.868166637281,7582.8438718202,7571.13298406874
125,7743.830949284786,7220.125,7559.427460545645,6175.0,7559.42209631728,7729.730837434382,7579.855086192195,6175.0,6175.0,7683.796858687294,6174.999999999994,7539.8191379797745,6330.3255480676235,7931.069482908242,7937.0,256.52509369051404,7816.189423335167,7573.421509935889,7813.580992650698,7574.834357096555,7813.580992650698,7573.722153408139,7578.50384774159,7816.189423335167,1059.0,711.8239137818982,7571.9063116735015,7665.619372512931,7611.752236447994,7895.342618319152,7818.82254764273,7544.0,6385.302606083619,7001.066392857142,7815.9471900077915,7813.7874838869175,7835.271718662513,7546.760742090589,7816.189423335167,7687.805759826223
126,7562.656357388316,8040.7,7559.4202759940035,7360.0,7559.42209631728,7502.15704086572,7551.841547640129,8623.0,7672.313333333333,7515.598834333654,0.0,7625.257042981511,7226.896445901164,7493.54929933925,8062.6,-87.05046976720041,7472.289425918653,7542.799485262503,7474.759600361225,7541.121900081338,7474.759600361226,7542.442507488897,7536.7648236049,7472.289425918652,1059.0,758.8128133371506,7570.172025268495,7557.231118422329,7497.28638195575,7308.560663570032,7469.7283281768605,7544.0,5726.492895866626,7504.163000000001,7472.371626551105,7473.1045117034855,7473.315740620829,7540.07530296099,7472.289425918652,7515.855761117967
127,7717.739926739927,7509.3,7559.4264962373445,6848.0,7559.42209631728,7695.2546006016755,7562.227601521598,9929.0,7421.003333333334,7641.138367710828,0.0,7329.033503313088,8082.062808683667,7636.6780967712975,8372.2,210.4104877750358,7770.031271996898,7432.575330597295,7756.310433490843,7419.773716353332,7756.310433490842,7429.851241351226,7386.524965166801,7770.031271996899,1059.0000000000005,948.5501087259995,7570.091694276488,6988.632803031409,7085.265877628872,8158.189000761142,7710.318026136918,7544.0,-119422.62277388513,7556.321666666667,7769.832584095314,7768.061120680908,7907.976361976223,7533.423505352046,7770.031271996899,7664.726684157091
128,7704.822429906542,8004.2,7559.42094241246,5901.0,7559.42209631728,7525.594431548033,7562.209249201705,5901.0,8665.75,7517.458054323665,0.0,7852.577768823333,8539.870099443831,7566.668316383215,7364.8,-55.18138342899965,7504.188605823362,7591.646299649258,7513.172592503457,7594.898426875629,7513.172592503457,7592.3383283759,7603.344952986782,7504.188605823364,1059.0000000000002,588.0321769031423,7570.315244371143,7960.359651312562,7679.876932634246,7223.722065306402,7496.060921977999,7544.0,15700.339860162814,7769.696666666667,7504.240712889866,7504.705289551089,7534.648833765664,7536.586211084672,7504.188605823364,7531.805351070321
129,7736.774891774891,7976.2,7559.424472316014,7233.0,7559.42209631728,7633.079121132546,7563.4190536401165,8233.0,7646.515,7597.59517482901,0.0,7846.427988531638,7968.565213427513,7621.63328074778,8785.8,113.62366706223293,7673.153056736725,7496.553376474094,7666.662210343631,7490.208546987303,7666.662210343631,7495.203243479636,7473.729558251428,7673.153056736726,1059.0000000000002,1169.3631438053167,7570.825814082511,7326.353828817019,7324.417330484852,7226.524690342841,7668.4345038859665,7544.0,281809.30585321545,7920.836666666666,7673.045763377839,7672.089156265076,7577.576403427379,7534.969634260738,7673.153056736726,7616.287576527003
130,7641.466666666666,7782.3,7559.4372123275225,7041.0,7559.42209631728,8030.857359187927,7599.439353317379,7677.0,8145.64,7894.701428543252,0.0,7826.723875413951,8542.795581819617,8442.288071405537,7491.0,722.8692889670783,8282.973981403586,7544.274331165204,8250.175999842915,7542.74559020729,8250.175999842915,7543.949026346287,7538.775096582839,8282.973981403584,1059.0000000000007,1463.2709480468436,7570.393059922308,7067.695429885265,7502.79939091899,8499.548231483466,8267.806894150463,7544.0,422488.19883021776,7662.34,8282.29138528558,8276.205488559004,8473.42838958078,7533.4113939156305,8282.973981403584,7921.1980388604325
131,7375.540192926045,6969.9,7559.413813994703,5370.0,7559.42209631728,7299.4172454440895,7536.041752464316,6720.0,7310.403333333333,7370.415828510282,0.0,7362.401065665774,7017.113470444135,7080.387639249566,7166.0,-396.07254407195796,7162.975546065708,7548.343284138177,7175.854093949281,7547.22518956956,7175.854093949281,7548.105361847096,7544.321239535876,7162.975546065708,1059.0,796.7551548468552,7570.449716797852,7693.471766301327,7518.009233635399,7364.888291262939,7175.129343665504,7544.0,160341.1638632416,7186.102333333334,7163.34955224519,7166.684119968903,7168.71664047164,7534.018652949982,7162.975546065708,7361.198821191496
132,7363.878787878788,6213.1,7559.382313601741,5833.0,7559.42209631728,6304.650420746597,7430.155450390638,5833.0,6766.495,6589.136673844051,0.0,6724.474834061315,6572.3608536529155,5577.7211834696955,6640.6,-1902.4665129639907,5655.159108830668,7519.227638022598,5699.370057091839,7515.171137670279,5699.370057091841,7518.364444617779,7504.63546862636,5655.159108830669,1058.9999999999993,901.340825499776,7569.388934174477,7705.327571758368,7409.17425791904,5359.337457969241,5706.986742593569,7544.0,181573.7722788244,6775.586666666667,5656.955583347164,5672.9726073104275,5631.219674858009,7532.407235930322,5655.159108830669,6607.290602573977
133,7470.243288590604,7186.0666666666675,7559.4189487513495,5235.0,7559.42209631728,7459.06329750225,7546.6822093181245,5377.0,7623.62,7477.239245347273,0.0,7122.060724255391,7286.7351315247615,7420.86052147058,7688.0,-150.52111700096975,7408.758844171968,7557.5677236843685,7409.0089520175015,7557.380576909467,7409.0089520175015,7557.52790022873,7556.894513477508,7408.758844171968,1058.9999999999998,817.7237998308273,7570.579222318187,7202.756535136433,7552.490407435264,6994.950530752801,7393.014512997033,7544.0,13972.836462763793,7474.909047619048,7408.900979315502,7410.168229131232,7376.405192933628,7538.259709470137,7408.758844171968,7484.090470244623
134,7834.317669172932,8803.6,7559.450066981197,9394.0,7559.42209631728,8440.914689086934,7655.3353359732355,9394.0,9394.0,8225.551816428244,9393.999999999989,8838.242052998328,9321.880251836252,9138.171948257504,8731.2,1337.5972636779989,8898.282435785826,7656.8899063180825,8865.039535157695,7666.726541077763,8865.039535157695,7658.983069762607,7692.27455521134,8898.282435785826,1058.9999999999995,1082.3660022563286,7572.149773704243,8433.1375368108,7923.759081746145,9460.63933887968,8938.460320167153,7544.0,-34061.055948775116,9067.6525,8897.019359993876,8885.758017268818,8967.052942965147,7537.215208403783,8898.282435785826,8228.852266051554
135,7363.878787878788,6420.225,7559.425872559495,7812.0,7559.42209631728,7678.680427746209,7573.635428894259,7651.0,6989.898666666667,7647.365463805913,0.0,7237.644669352475,6523.347596221665,7900.133624403655,7293.8,180.5853185123051,7740.177939209233,7597.754540843856,7736.441247712114,7601.623123263535,7736.441247712114,7598.577746696349,7611.670726000597,7740.177939209231,1059.0000000000002,863.7951530009805,7571.281008932039,7667.170862460837,7702.709683088923,7813.158194422343,7758.123581504285,7544.0,-7420.509492700556,7377.553833333333,7740.007414829146,7738.487051997896,7742.1670156650325,7543.518966580796,7740.177939209231,7649.800017763257
136,7301.945091514143,8008.0,7559.415761317893,6786.0,7559.42209631728,7357.2774598407905,7532.659392526583,9857.0,7444.745,7399.296046972548,0.0,7205.277705079317,7359.492977372133,7211.109166092704,7862.4,-302.94875628833324,7256.187269439158,7505.479475176004,7256.2230137659335,7500.0354843636305,7256.2230137659335,7504.3210340181095,7485.896181887169,7256.187269439157,1059.0,555.8495648544738,7569.7252122007385,7333.951129307954,7357.783299133038,7376.602606080904,7247.8438900065485,7544.0,-2853.262022703968,7651.291,7256.473340030551,7259.023890831843,7297.365079236491,7542.0595142298835,7256.187269439157,7407.804682878219
137,7717.739926739927,7672.9,7559.419196610016,9776.0,7559.42209631728,7467.100915333815,7545.823012545096,7096.0,8033.321666666667,7483.262781451258,0.0,7589.383935598015,7679.6084497440015,7423.398299454897,7938.6,-138.66816007558373,7420.622993693544,7520.9450245519965,7421.257655990618,7517.061846079289,7421.257655990618,7520.118712766898,7506.976334018743,7420.622993693544,1059.0000000000002,519.30493181533,7570.285457081668,7400.326027549061,7415.593889497223,7534.914093250873,7413.954453711686,7544.0,11179.793922859351,7712.663404761905,7420.753936243189,7421.9213950277235,7476.3010390289,7542.589829823497,7420.622993693544,7490.022545005412
138,7192.799227799228,7351.5,7559.413739079062,6510.5,7559.42209631728,7296.875699026999,7534.440955659348,6013.0,7392.53,7363.0700381377965,0.0,7280.711382832395,7542.927525839325,7169.075459823968,7278.2,-399.6551174558226,7159.389589703276,7539.381005772292,7171.815411060442,7537.358421209501,7171.815411060442,7538.950614670689,7532.105301595021,7159.389589703276,1058.9999999999995,843.7850553689525,7569.6843900996255,7636.373521625292,7484.508024545198,7253.90623761654,7164.159332646051,7544.0,119072.65833161479,7470.288333333333,7159.766978860459,7163.131708567766,7193.559395049532,7536.298909305825,7159.389589703276,7359.405843010278
139,7815.898550724638,8155.3,7559.447685873876,9562.0,7559.42209631728,8368.62778752182,7649.723766787439,8966.0,9002.063333333332,8158.583700100722,0.0,8624.923622537905,8803.986428413224,8997.993287304604,8745.8,1223.7292966306813,8784.306944692715,7634.766914239531,8762.154321555468,7642.370855016796,8762.154321555468,7636.384976845101,7662.120046807948,8784.306944692711,1059.0,1127.5138209804409,7572.5501761501755,8171.110399703902,7841.062812665104,9377.715780051081,8800.287387442197,7544.0,90764.10789953358,8790.794,8783.151392948963,8772.848714118574,8764.059944738436,7536.777610769124,8784.306944692711,8171.864520504996
140,7643.974079126876,7751.416666666666,7559.420003427012,7079.5,7559.42209631728,7494.900672494135,7555.600235021353,5371.0,7111.774285714285,7499.415431303038,0.0,7682.460789605792,7196.006206271136,7439.872641667943,7528.8,-100.08501425050781,7459.242573084091,7598.274176955603,7466.037348081034,7602.195202029314,7466.037348081034,7599.108542218711,7612.379010460616,7459.242573084091,1059.0,584.8724231624983,7570.743986840125,7700.962913863895,7704.652095198851,7230.202357916598,7447.528732767825,7544.0,8509.587118050807,7342.54257936508,7459.337082068273,7460.179706135851,7473.923756914135,7542.022465449836,7459.242573084091,7509.332334700685
141,7022.0625,7209.8,7559.4264302896545,5681.0,7559.42209631728,7702.226535172094,7587.55883635183,8220.0,7307.725,7651.9833105632815,0.0,6642.013284210705,7209.21363442112,7935.119207221718,7843.4,207.25677466657362,7766.874580879167,7693.952906779756,7780.382928319835,7707.530009275772,7780.382928319836,7696.842014215533,7742.7928827010455,7766.874580879166,1059.0000000000002,784.9218274298366,7570.537348367565,8332.450964637494,8062.301456495751,7861.490809265718,7751.158697173736,7544.0,95506.43438890128,7300.118333333334,7766.678870988071,7764.9339589468755,7831.196167262572,7535.289727878699,7766.874580879166,7663.148338598224
142,7717.739926739927,7427.55,7559.462362360977,8227.0,7559.42209631728,8834.642272216934,7710.752499225511,8442.0,8124.775,8566.270715856845,0.0,7856.8230906166955,8078.374209635562,9863.593514723556,8458.2,1925.5799586450157,9486.820355199108,7620.8634504515385,9457.684365134415,7627.064227505561,9457.684365134415,7622.182930149038,7643.169078776921,9486.820355199112,1059.0,1395.351354391409,7570.036182114349,9044.605216218797,7789.091335276877,10480.056583232094,9743.027264170594,7544.0,-341423.9205324925,7774.184761904762,9485.002054954879,9468.790436968224,9464.514364901202,7533.19857273296,9486.820355199112,8523.121225758196
143,7192.799227799228,7646.2,7559.409791938005,5796.5,7559.42209631728,7170.669102228863,7516.585221590263,7236.0,7231.195,7261.629480891791,0.0,6743.179833740016,6676.995635596614,6927.005766139122,6414.2,-588.4130637394956,6970.45340173188,7558.923349829796,6982.13180863743,7558.873015395945,6982.131808637431,7558.912639032911,7558.742285236816,6970.45340173188,1059.0,996.0748721738846,7568.470653411723,7186.845925326308,7557.557770118284,7236.83369901922,6976.95351314425,7544.0,8080.881562000461,7351.8025,6971.009032575828,6975.962931148021,6877.568180282226,7536.54505956881,6970.45340173188,7264.937749024581
144,7717.739926739927,7382.05,7559.422655781142,7545.5,7559.42209631728,7576.130803172692,7558.9272132049155,7545.5,7545.5,7568.513857356387,7680.0,7452.975420328401,7860.189592750737,7627.635735088059,6802.8,26.75436422655548,7586.20172434389,7553.943856206094,7582.768588856905,7553.390981907399,7582.768588856905,7553.826208626437,7551.955039561032,7586.201724343891,1059.0,681.4817999454992,7570.913823654252,7470.760428448565,7538.9443048541425,7635.5609374156,7581.188740047719,7544.0,7588.755466899691,7508.726750000002,7586.176460543866,7585.951213323997,7598.688895712507,7545.141090444329,7586.201724343891,7572.811910330586
145,7787.935483870968,8142.743333333334,7559.432909988542,8436.0,7559.42209631728,7899.510069386736,7596.872550773567,6902.5,8082.3575,7816.507101302543,0.0,7930.8138106873685,7211.94970386548,8237.778986262387,7724.6,517.125268571408,8077.03567959095,7630.620139848598,8062.07243225198,7637.805580352654,8062.072432251981,7632.149148677669,7656.467830201154,8077.035679590949,1059.0000000000002,864.4827300891831,7571.83115506482,7882.862765897719,7825.562071642671,8550.44664207721,8088.063859337504,7544.0,21670.29973173472,7636.941833333333,8076.547364889749,8072.193644200177,8130.938290876416,7543.4509963059545,8077.035679590949,7818.228887954115
146,7345.19094488189,6824.8,7559.4147405789445,9380.0,7559.42209631728,7327.126652522668,7534.208080929262,8332.0,6596.086666666666,7379.376479295347,0.0,7027.484901079391,6634.174274117404,7138.104610344903,6915.6,-351.7619567095335,7207.327975343458,7542.112053461721,7214.629885907268,7540.365091369897,7214.629885907267,7541.740312792385,7535.827827020538,7207.327975343459,1059.0,360.1712968584774,7569.4556944823335,7384.563102839164,7494.716745580592,7209.226603427873,7197.960429949615,7544.0,12053.671029947309,7333.169880952381,7207.660139608528,7210.621652808133,7221.958713002977,7542.405410445746,7207.327975343459,7383.37503583037
147,7730.160063391442,7372.3,7559.42020714049,7412.0,7559.42209631728,7498.86047213593,7551.183410941957,7412.0,7412.0,7509.576471030636,7411.999999999991,7808.0102148505,7477.534891473022,7494.713486284102,7827.2,-90.34314354164235,7468.993642913912,7545.663130715,7468.165677176595,7544.274550020517,7468.165677176595,7545.367650968067,7540.668084997167,7468.9936429139125,1059.0,623.1934196722981,7571.2528560910105,7450.549893486148,7507.990756574313,7426.958805108527,7467.1777749532,7544.0,11243.497788103561,7437.580666666667,7469.078952775613,7469.8395592226425,7480.118338277165,7543.990934803807,7468.9936429139125,7514.207869615596
148,7643.974079126876,8091.4,7559.415469711112,8389.0,7559.42209631728,7349.275936853869,7533.498075316742,5675.0,7988.415666666668,7394.809620470724,0.0,7328.657327335147,7474.828355321839,7207.030792204545,7049.0,-316.89381075429264,7242.22904683685,7531.608839647978,7246.176667407475,7528.80187345749,7246.176667407475,7531.011537911816,7521.511533452084,7242.22904683685,1058.9999999999998,620.8499337565065,7569.42906690915,7318.97791242405,7455.455483239902,7067.175351739509,7239.414327742318,7544.0,9889.035753193424,7579.4785,7242.528285562776,7245.1962409386315,7227.438698555181,7543.071400420602,7242.22904683685,7400.825571577066
149,7522.47577092511,7863.35,7559.421126991962,8302.0,7559.42209631728,7527.875027381826,7553.8776110356175,8302.0,8302.0,7530.888185714724,3201.4092723363274,7587.9435579599385,7924.863685743663,7556.73145966768,6954.6,-46.354526908173284,7513.023797429177,7548.687088446898,7511.179188399019,7547.603691255945,7511.179188399019,7548.456549502289,7544.789858332087,7513.023797429176,1059.0,641.8856597696821,7570.8738081488045,7449.948712822069,7519.294382295409,7502.313055143624,7506.904598619392,7544.0,11124.596265379392,8039.256333333333,7513.06756940926,7513.457832030562,7524.939506519715,7544.961495094827,7513.023797429176,7536.2229468732285
150,8005.514851485149,9051.6,7559.448216924192,9879.0,7559.42209631728,8387.246222046071,7656.304476317218,9942.0,8683.65,8192.72505951732,0.0,8603.342685805063,9267.740835056524,9081.626567307918,7530.2,1249.1248843718786,8809.72651315865,7636.683333845634,8792.590056662286,7644.480683295067,8792.590056662288,7638.342552392472,7664.732202112776,8809.726513158648,1059.0000000000002,864.7907431808756,7571.544375945476,7910.648601168864,7848.226434604474,9034.592028584797,8884.682370968132,7544.0,-9446.072725384838,8350.854500000001,8808.546980689931,8798.030494292032,8918.323244433193,7537.344224614261,8809.726513158648,8184.574304737964
151,7470.243288590604,7095.3,7559.418486316034,8484.0,7559.42209631728,7446.638484310926,7549.111881148779,9279.0,7218.873333333333,7468.148038153902,0.0,7065.119447098771,6849.708078816092,7432.635895384068,7189.2,-172.63543698780904,7386.623641919035,7549.715618062669,7393.869714696463,7548.736022015599,7393.869714696463,7549.507167237135,7546.191784655243,7386.623641919035,1059.0000000000002,624.2432830871865,7569.687385931527,7573.294093042745,7523.139050392818,7206.296555972436,7381.236919978825,7544.0,9280.332279580238,7065.3820000000005,7386.786659328845,7388.240091445679,7412.478213203028,7538.411776756466,7386.623641919035,7473.022869118157
152,7459.621837549934,6543.459920634921,7559.424129928276,6239.0,7559.42209631728,7623.746950260218,7567.039662270313,6239.0,6239.0,7604.50226905917,6528.0,6950.679313530469,6373.400751845779,7701.020673988259,6172.8,97.25019439021708,7656.7641228075445,7566.569072737485,7655.054631655829,7567.29035904402,7655.054631655829,7566.722557152303,7569.163706301892,7656.7641228075445,1059.0,696.589136914395,7571.294953335425,7577.940898563849,7586.137663680976,7805.325765938562,7659.214690472009,7544.0,6754.947414325494,6248.001253968255,7656.672290707082,7655.853533223912,7653.168726404955,7546.107145517804,7656.7641228075445,7608.093109562412
153,7815.898550724638,8495.250476190477,7559.426472160574,8283.75,7559.42209631728,7698.295760465659,7575.971111822958,8283.75,8283.75,7657.948374120684,8128.0,7959.723920903799,8028.5411044937,7841.200636801135,7787.8,209.25910209315043,7768.878799073691,7573.985568471882,7766.586386006007,7575.455341481211,7766.586386006007,7574.298325345552,7579.272681713198,7768.87879907369,1059.0,743.4219419559852,7571.720713166975,7684.859373213339,7613.860700633321,7822.587302151863,7768.115004643792,7544.0,7235.449038262239,8374.8031984127,7768.6811984107135,7766.919428608242,7785.725175997128,7546.544629899319,7768.87879907369,7664.150447695485
154,7806.347891566265,8968.8,7559.426386090177,9095.0,7559.42209631728,7696.0134459565725,7578.06523980016,9095.0,9095.0,7655.558964651844,9088.0,7901.928835325666,8929.259992717822,7849.272818133155,8286.6,205.14309226239857,7764.758902547828,7557.390051242846,7763.859339004608,7557.184973430877,7763.859339004608,7557.346412194555,7556.652338951029,7764.758902547828,1059.0,707.8265290789225,7571.11139986371,7763.749059180856,7551.826263634996,7946.799244388113,7763.828238902291,7544.0,8109.488412850633,8917.570999999998,7764.565188579686,7762.838071806663,7779.966416088321,7545.568466344437,7764.758902547828,7662.090499432555
155,7221.985507246377,7843.0,7559.417225800845,8484.0,7559.42209631728,7405.302734734914,7540.885130515666,6478.0,7486.07,7438.055697972548,0.0,7080.8199855206285,7019.536287234757,7398.3217871134275,6552.6,-232.9150811861109,7326.287076432965,7532.151065253987,7330.199031454498,7529.398821491793,7330.199031454499,7531.565408047617,7522.250608281334,7326.287076432964,1059.0,809.2373288475777,7569.734152423254,7445.634030178305,7457.482335415141,6941.480545447819,7320.124641029064,7544.0,10822.15128430084,7102.036666666668,7326.507015130968,7328.467946590909,7372.158421508398,7537.513481014757,7326.287076432964,7442.854586375122
156,7841.475806451613,8926.55,7559.430016679596,8918.0,7559.42209631728,7810.33357952171,7588.7253753486975,9035.0,8990.54,7745.459127239107,-461952.0,8298.048693173223,8943.442426282854,8049.06672342073,9271.4,378.76308521569445,7938.542842614583,7577.7326255702055,7933.035799633267,7579.580558631552,7933.035799633267,7578.125852118353,7584.380067927423,7938.542842614582,1059.0,809.7822250460113,7572.343086832645,7778.261112690368,7627.8672889358795,8023.191739940336,7946.248994954926,7544.0,5412.144660149059,8961.632777777777,7938.18518153317,7934.996343584673,7958.47676898548,7546.863382820288,7938.542842614582,7748.982469465931
157,7834.317669172932,7880.9,7559.426744343031,9194.0,7559.42209631728,7706.78305898168,7577.090031076295,8194.0,8116.681666666666,7661.29871507482,0.0,8314.067270541293,8367.610000910196,7918.191944644515,8017.6,222.27525751883513,7781.907245487319,7531.657190952467,7779.01983514044,7528.855104466596,7779.01983514044,7531.060927581516,7521.577438181985,7781.907245487319,1059.0,744.0144440515407,7571.50702808202,7765.456069790769,7455.6362215628305,7837.188976422174,7778.961733287243,7544.0,7098.290759826937,8078.786666666666,7781.697353837159,7779.825999938489,7789.2051368489765,7544.621959517774,7781.907245487319,7670.6646709023
158,7533.139344262295,7197.1,7559.419222469212,5149.0,7559.42209631728,7468.60823249758,7548.54533529879,8849.0,7295.801666666666,7484.540722368534,0.0,7467.024910352435,6992.864396329854,7433.883152000024,6390.4,-137.43153622523096,7421.860785268706,7555.18906373438,7424.541815906754,7554.761858122153,7424.541815906754,7555.098157525839,7553.652306401899,7421.860785268706,1059.0,730.4569404343526,7569.779447884072,7488.886608865478,7543.598920127488,7381.539505220292,7420.5980566297685,7544.0,8628.060963193799,7303.37842063492,7421.99056009045,7423.147607635859,7426.98665091415,7543.169862912039,7421.860785268706,7490.641440792993
159,7762.6688102893895,8157.3,7559.433314778128,7233.0,7559.42209631728,7910.996955880438,7589.708043803688,7573.0,8561.5,7817.282394229537,0.0,8360.778154691536,8659.610805628923,8092.286393289327,7858.4,536.4828871195568,8096.411577286568,7500.574154232844,8077.157194037464,7494.635109202093,8077.157194037463,7499.310369182625,7479.210036492522,8096.411577286568,1059.0000000000002,1003.2644597866329,7571.251857564936,7312.820658746612,7339.4470931079195,7668.918009787728,8105.245679504423,7544.0,253754.8951094417,8140.429166666668,8095.904983436597,8091.388289344855,8014.338436745263,7535.507808122133,8096.411577286568,7827.916836801924
160,7522.47577092511,7099.233333333333,7559.427921402227,7360.0,7559.42209631728,7743.96995869189,7579.249636068225,7360.0,7360.0,7701.947537906949,6912.0,7543.965741932038,7757.986793635278,7971.942959162587,7428.6,278.5639164165186,7838.249057037035,7556.471507034229,7834.238722721352,7556.173728012592,7834.238722721352,7556.40814185113,7555.4003270640615,7838.249057037034,1059.0000000000002,766.0646974310887,7571.2051555883245,7713.852505678694,7548.392723598055,8157.009239787638,7847.942481846626,7544.0,8764.334778478536,7332.576666666668,7837.986012734468,7835.640759930207,7874.5817460238795,7542.808485184221,7838.249057037034,7698.835576677157
161,7319.612334801762,6971.5,7559.414493515125,9381.0,7559.42209631728,7319.546725490668,7531.281886221862,9776.0,7219.26,7370.352306801117,0.0,7325.945190306897,6989.523478175528,7105.635988154371,6545.2,-363.5769028725372,7195.501872478564,7512.6443837820825,7203.716207676161,7507.923489026181,7203.716207676161,7511.639812140468,7495.6622341464845,7195.501872478564,1059.0000000000002,640.6003364129381,7569.144675805268,7352.350147403729,7384.5658974328335,7225.272888487734,7200.111895209062,7544.0,10061.877511265173,7155.37,7195.845193444449,7198.90617765947,7209.223012886242,7540.805513462344,7195.501872478564,7377.461984397922
162,7480.119521912351,7381.9,7559.4250418616575,7845.0,7559.42209631728,7650.762685402421,7565.795048006789,7106.0,7594.9,7619.940084387462,0.0,7649.025333451642,7987.239765911899,7749.216802000295,7285.4,140.8601566053694,7700.415265346619,7530.897423649372,7692.450694543363,7528.018660017859,7692.450694543362,7530.284843946443,7520.54184546268,7700.415265346618,1059.0,939.5544476139432,7570.371876542503,7494.476231555395,7452.796193364448,8047.25419633257,7679.837836728292,7544.0,-4402.064491978619,7532.276666666667,7700.282252923007,7699.096339537178,7682.395295733988,7537.938362366269,7700.415265346618,7629.91868083195
163,7635.035230352303,7553.5,7559.415121213652,8327.0,7559.42209631728,7337.884926863194,7533.61241233594,9665.0,7584.983,7390.630387815486,0.0,7434.89326786088,8216.820514672825,7201.550793278731,7786.0,-333.55945907824525,7225.547661355266,7535.8322267545145,7228.685022917035,7533.451492736632,7228.685022917034,7535.325624086111,7527.268176203781,7225.547661355266,1058.9999999999995,778.1087261968007,7570.127442745394,7044.075103047629,7471.242604410287,6854.258369575386,7220.6007555480655,7544.0,9825.92221605233,7675.6269999999995,7225.862637237306,7228.670902093921,7228.851927886841,7537.689049291203,7225.547661355266,7392.484878836273
164,7641.466666666666,6991.19,7559.415795646593,9204.0,7559.42209631728,7358.282989032719,7533.474508955404,9354.0,7783.659666666666,7407.974798012982,0.0,7088.888211247709,7567.937177392905,7155.425476996746,6844.0,-301.3071085955162,7257.830467316005,7560.87080312116,7257.596403464872,7561.017009337382,7257.596403464872,7560.901914727378,7561.3967406753545,7257.830467316005,1059.0,629.135766914293,7570.729976004871,7276.915915952121,7564.837396709188,7094.849367783475,7260.156299170939,7544.0,9546.578078106842,7187.847611111111,7258.114987720723,7260.651717353435,7267.6506433411405,7541.285266129443,7257.830467316005,7408.626281816642
165,7459.621837549934,7566.8166666666675,7559.420828682174,7310.0,7559.42209631728,7519.091098773636,7554.809511807853,7424.0,7459.786,7524.182332243073,0.0,7696.4685030812525,7368.400689776416,7552.826438878396,7925.8,-60.620128793460026,7498.744724720499,7563.364366057996,7499.106475283129,7563.7622273371535,7499.106475283129,7563.449028008538,7564.795565041708,7498.744724720499,1059.0,508.19690397503126,7570.822453256754,7602.912693621072,7574.158394106961,7434.597965045455,7495.616685706251,7544.0,18000.060976220622,7561.09375,7498.801967523893,7499.312333435156,7498.952892591896,7545.278709636391,7498.744724720499,7529.083410518891
166,7470.243288590604,7858.3,7559.43897865768,7041.0,7559.42209631728,8088.227867505673,7608.517665554267,8233.0,7899.42,7933.754619410283,0.0,7494.622692275294,8220.76564127003,8495.548213949824,7681.0,807.3377303819725,8367.522185277268,7529.343906169198,8337.73932092247,7526.308358630822,8337.739320922472,7528.697964005371,7518.424340030124,8367.522185277267,1059.0000000000005,1406.3113929217316,7570.409074076035,7253.367875712238,7446.989108178755,8454.842071280485,8355.273502438738,7544.0,425475.0097312165,7681.07,8366.759826702779,8359.962783135457,8554.674835823096,7533.427423598881,8367.522185277267,7963.472140797273
167,7730.160063391442,8136.433333333334,7559.42509867574,9103.0,7559.42209631728,7655.03993362224,7571.762921569614,9103.0,9103.0,7628.837706038049,9102.999999999989,8126.181608147003,8940.604662917585,7652.560845806725,8148.0,143.57708746317212,7703.134761765864,7594.955278784761,7702.562942783576,7598.541354410947,7702.562942783576,7595.7183692718445,7607.855221706034,7703.134761765863,1059.0000000000002,633.521087513266,7572.152594254576,7608.117439873451,7692.245975121873,7671.736361759262,7705.017594845745,7544.0,5835.557959847399,8648.655555555557,7702.9991837795915,7701.790396326682,7674.41782492641,7543.751614714742,7703.134761765863,7631.278429041572
168,7533.139344262295,8962.0,7559.427516067644,8962.0,7559.42209631728,7731.717337456628,7581.805787779694,8962.0,8962.0,7675.687045365044,8961.999999999989,8079.982743436134,8752.925797464854,7826.527110278369,7598.6,259.1802353429796,7818.84707220438,7561.901081211003,7816.882843848225,7562.1512650304,7816.882843848225,7561.954318485536,7562.801050237447,7818.847072204381,1058.9999999999998,893.8735371135156,7571.784013009666,7548.6951806076795,7568.688600644147,7894.877007303663,7804.4650626979,7544.0,66502.48871530675,8437.144,7818.602331661091,7816.420271681582,7868.604045360538,7540.194316140885,7818.847072204381,7689.134584260831
169,7562.656357388316,7249.1,7559.419860047725,6028.0,7559.42209631728,7489.119244491119,7553.5253805296725,6291.0,6943.35,7496.329439307028,0.0,7017.428841902205,6778.69138583934,7409.715220334084,7751.4,-106.9416173878999,7452.379495344147,7550.010573776857,7455.556141811931,7549.060745215388,7455.5561418119305,7549.808457253066,7546.593820895664,7452.3794953441475,1058.9999999999998,708.2802233257323,7569.961519286226,7671.76583033009,7524.241601847925,7827.036959196619,7438.535597147327,7544.0,9129.948966577367,7042.6275,7452.48047892997,7453.380829310219,7591.5021456013565,7538.751508378886,7452.3794953441475,7505.900795830714
170,7865.730382293763,8504.7,7559.450927762978,9562.0,7559.42209631728,8471.329955029316,7661.394258413947,9540.0,8983.68,8244.40585055289,0.0,8781.076350088313,9336.484378899404,9172.004597768071,8745.8,1378.761082942925,8939.485125519397,7653.205246049662,8915.082643251271,7662.6700179627915,8915.082643251271,7655.219279818662,7687.252218330631,8939.485125519395,1059.0,1161.6187206324325,7572.972293761059,8162.238321162032,7909.985734273631,9365.242029543235,8983.194294978666,7544.0,93672.02518996478,8686.166666666666,8938.183179265434,8926.575274918814,8923.127328721044,7537.31922940664,8939.485125519395,8249.453610918337
171,7345.19094488189,7673.15,7559.415084766918,6498.0,7559.42209631728,7334.538092958633,7527.935587525789,7586.0,7202.795,7380.768538603604,0.0,6980.20656457967,8121.581048556703,6994.448685135875,7477.2,-335.30239419259306,7223.803080411565,7501.304694798289,7220.389102147051,7495.439377295831,7220.38910214705,7500.056598423196,7480.205792018786,7223.803080411567,1058.9999999999998,951.0389338467446,7570.971807746662,6900.360528041208,7342.177871067797,7046.304053896157,7215.539697093828,7544.0,65484.392826486495,7503.258333333334,7224.1197021246835,7226.9426408971185,7257.440672943326,7537.348107190598,7223.803080411567,7391.612588364424
172,7815.898550724638,8495.250476190477,7559.426472160574,8283.75,7559.42209631728,7698.295760465659,7575.971111822958,8283.75,8283.75,7657.948374120684,8128.0,7959.723920903799,8028.5411044937,7841.200636801135,7787.8,209.25910209315043,7768.878799073691,7573.985568471882,7766.586386006007,7575.455341481211,7766.586386006007,7574.298325345552,7579.272681713198,7768.87879907369,1059.0,743.4219419559852,7571.720713166975,7684.859373213339,7613.860700633321,7822.587302151863,7768.115004643792,7544.0,7235.449038262239,8374.8031984127,7768.6811984107135,7766.919428608242,7785.725175997128,7546.544629899319,7768.87879907369,7664.150447695485
173,7375.540192926045,6037.266666666666,7559.422607053099,5313.0,7559.42209631728,7575.66511183179,7561.967346490801,5313.0,5313.0,7566.8040175072465,5312.0,7553.091779767059,6536.755567698007,7630.830848190557,7532.2,24.42411930425442,7583.869279001942,7560.946831040556,7583.703960176148,7561.100710137441,7583.703960176148,7560.97957537928,7561.500369720024,7583.869279001942,1059.0,661.0618402478219,7571.2203843794605,7555.769584096565,7565.121590875046,7670.7272111931925,7584.32091328634,7544.0,10330.887153326708,6464.695833333332,7583.846215622051,7583.640586928184,7579.993464322442,7545.895371582524,7583.869279001942,7571.645687659611
174,7562.656357388316,7263.4,7559.4059751844625,7420.0,7559.42209631728,7049.000455390572,7502.15104524689,7387.0,7277.93,7180.218263206061,0.0,7408.624453763659,7180.169696437689,6522.150351547653,7102.6,-770.9356920610389,6787.758419655615,7621.815656433706,6799.820850198817,7628.112531906914,6799.820850198817,7623.155585167185,7644.466972985312,6787.758419655616,1058.9999999999993,698.7660246032863,7569.549632408555,7347.554114669556,7792.650703821706,6734.884258854461,6812.648620355994,7544.0,9794.648187293891,7303.6821666666665,6788.48640425624,6794.976976032243,6815.609459399247,7532.150631260722,6787.758419655616,7173.590257986449
175,7643.974079126876,7985.2,7559.414698000684,6122.0,7559.42209631728,7326.709355993059,7535.808992955489,6643.0,7601.83,7377.479198498283,0.0,7460.880359128282,7375.271974088389,7112.861469333726,7377.2,-353.79811018764667,7205.289899152893,7586.50317521879,7215.416072509004,7589.236248651445,7215.416072509005,7587.084753120196,7596.334672085013,7205.289899152894,1059.0,738.5574427318882,7569.81841444882,7455.241390411445,7660.651811533577,6812.44801214631,7208.787990941286,7544.0,10066.167586871221,7413.088571428571,7205.62398613135,7208.602641876601,7186.496219685661,7537.615434391887,7205.289899152894,7382.355997735087
176,7800.919708029197,7498.7,7559.416028429096,6676.0,7559.42209631728,7368.578460550368,7541.733581072292,8302.0,7022.736666666667,7408.031853299907,0.0,7268.338787514961,7027.180864479085,7216.736823351097,7422.8,-290.1751154558151,7268.972972252745,7563.502000383898,7277.3403130810775,7563.913751978168,7277.340313081078,7563.589618091214,7564.98316604171,7268.9729722527445,1058.9999999999995,929.7084973728798,7570.491193149916,7315.379044873521,7574.672874481457,7028.303657960476,7274.836859400933,7544.0,52050.83521111289,7321.1833333333325,7269.246980860353,7271.689989316024,7192.160660615745,7535.0922310896085,7268.9729722527445,7414.197534285012
177,7562.656357388316,7742.8,7559.421961053528,8086.0,7559.42209631728,7555.126781774463,7556.839482843254,8086.0,8086.0,7545.734494051849,8085.99999999999,7611.672737685839,8062.303953630234,7587.009919596489,7482.0,-6.468506615514343,7552.947481574928,7491.627757476331,7553.010767431181,7484.785825253303,7553.010767431181,7490.1718446800305,7467.015745809938,7552.947481574927,1059.0,621.7136954703783,7570.910218344411,7347.278390799808,7306.005249850215,7373.9672982638895,7541.339746045502,7544.0,9389.054527182263,7761.127333333334,7552.953589702044,7553.008048597776,7568.10484522011,7540.304177434446,7552.947481574927,7556.184788946103
178,7562.656357388316,7371.9,7559.430815268171,9896.0,7559.42209631728,7835.883743501519,7591.008870977254,7398.5,7749.98,7758.741116560022,0.0,8117.94402305677,7827.268424592203,8146.051830133259,8081.2,416.9527361804103,7976.768555571449,7519.416403928314,7971.46057861583,7515.378954186342,7971.46057861583,7518.557264353097,7504.8927639808935,7976.768555571448,1059.0,886.2052159499395,7571.224215929507,7647.62349202352,7409.879869351574,8365.633729506197,7982.385197304102,7544.0,6518.6407536523075,7888.214166666665,7976.374832496681,7972.864472697229,7971.319952778114,7539.975000108753,7976.768555571448,7768.095325944364
179,7643.974079126876,5956.162142857143,7559.424942533158,6065.4,7559.42209631728,7649.243818376566,7569.347022372109,6065.4,6065.4000000000115,7623.573880210597,5824.0,7028.528359274087,6641.504843795831,7789.195134400121,6065.4,136.11012530995504,7695.66074865714,7572.721093405918,7692.648610155279,7574.063253212626,7692.648610155279,7573.006695129754,7577.549152460594,7695.66074865714,1059.0,723.7544477311726,7571.49162693477,7628.8350457005545,7609.134062847168,7819.505196966521,7697.076342469789,7544.0,9590.18492504048,6094.50900757576,7695.53222162663,7694.386299149751,7727.067646435972,7545.918044020474,7695.66074865714,7627.54142248721
180,7366.355844155844,7797.4,7559.43913872765,7876.0,7559.42209631728,8097.820440470915,7616.276047402904,8710.0,7581.09,7978.519993818194,0.0,7553.226064105352,8034.927998973341,8737.056677943896,7181.2,814.9925058950903,8375.18418909104,7559.269805603144,8358.855036004425,7559.254436137757,8358.855036004425,7559.266535094083,7559.21451808361,8375.18418909104,1059.0000000000002,835.9569661174778,7570.984007766527,7769.153743459786,7558.852830015959,9006.358036976273,8406.233458570843,7544.0,6454.469716809865,7614.440833333334,8374.414602211065,8367.553112451436,8448.962193337853,7540.963670362167,8375.18418909104,7967.303142704161
181,7414.748322147651,7204.3,7559.433399836576,9954.0,7559.42209631728,7916.346585759051,7597.043917620806,9962.0,7748.088333333332,7827.0451619368105,0.0,7389.561918044058,8077.029795028347,8303.053212455372,7079.0,540.5505041044016,8100.4830352702975,7557.558216995784,8089.134625689575,7557.370110787986,8089.134625689574,7557.51818937989,7556.881555487025,8100.483035270297,1059.0,784.5286343929896,7571.287071879422,7519.715696832546,7552.454871207868,8531.926333766885,8094.298871965533,7544.0,7396.367658514645,7575.830714285715,8099.972600422228,8095.4216607244325,8109.476758146072,7542.752903459003,8100.483035270297,7829.952565793788
182,7345.19094488189,6369.9,7559.407995534108,8372.0,7559.42209631728,7112.732632170921,7503.868542433144,5748.0,7414.781,7208.247791486636,0.0,7690.498107958581,6886.3293428502775,6576.445739084589,7188.2,-674.3196744725865,6884.465670498027,7445.337454444253,6894.310129697455,7433.823817749383,6894.310129697454,7442.887437336572,7403.9202419639805,6884.465670498028,1058.9999999999998,681.8495887673113,7569.79204499454,6756.961969543336,7132.970999248329,6040.161911341233,6884.292726733949,7544.0,162004.8127121058,7316.817083333333,6885.102421843139,6890.779575323278,6923.854511848647,7533.970090840633,6884.465670498028,7221.943883407654
183,7414.748322147651,5859.2,7559.424657811983,5033.0,7559.42209631728,7640.183117029639,7566.967297746762,5033.0,5033.0,7616.128116019218,5032.9999999999945,7408.641377569877,5464.444763570869,7673.346033704315,7902.4,122.4943503214381,7682.032116470424,7566.773647083886,7679.095138301211,7567.515579418344,7679.095138301211,7566.93152482142,7569.442549182899,7682.032116470424,1059.0000000000002,622.2232935633546,7571.75743975117,7512.210488002328,7586.90236743972,7847.9645420974375,7680.115547987354,7544.0,8464.049323709345,6256.6677500000005,7681.916446640091,7680.88515650641,7681.171390216305,7544.502029002171,7682.032116470424,7620.727106393852
184,7730.160063391442,6246.7,7559.43323101934,6250.0,7559.42209631728,7908.116533618587,7595.307000887406,9879.0,7548.6,7827.573012581289,0.0,8064.8910621192945,8110.032429331706,8507.167784413075,7798.6,532.4774217892445,8092.402329647725,7617.3499534772545,8072.525174890757,7623.196141806395,8072.525174890757,7618.593979305124,7638.380044198771,8092.402329647725,1059.0000000000002,1000.1090370524255,7570.67156694787,7819.88731720707,7775.957800257332,9215.782604383941,8120.623498818106,7544.0,9173.399385725455,7359.118666666665,8091.899518106848,8087.4165463611935,8162.393489678983,7540.660446938542,8092.402329647725,7825.912212982503
185,7345.19094488189,7239.5,7559.411280618309,8734.5,7559.42209631728,7216.34604317865,7515.624547343254,6550.0,7273.445,7297.4744635066545,0.0,7623.953879417848,6744.112296005917,6951.968505661492,7178.6,-517.2222365262132,7041.711453521976,7475.330257218274,7047.904579696694,7466.843550607344,7047.904579696694,7473.52434854357,7444.801611901608,7041.711453521976,1059.0,633.2465808709571,7569.13807846368,7193.8958827853485,7245.08480735748,6850.592585508121,7057.270444356142,7544.0,12690.447918533648,7273.997666666666,7042.199859788765,7046.554396859633,7076.876659957186,7539.7775246539695,7041.711453521976,7300.566774919629
186,7728.699861687413,7763.625,7559.418021561838,6346.0,7559.42209631728,7429.617583522565,7542.65376527708,8223.0,7431.676666666666,7458.156194809383,0.0,7125.65961557273,7065.819807066654,7259.874506144461,7843.0,-194.86064919310593,7364.377442731938,7544.166912056459,7365.053211518478,7542.627330159995,7365.053211518478,7543.8393003656465,7538.628680112327,7364.377442731937,1059.0,742.9417153990319,7569.695161857114,7327.920249222816,7502.397855742844,7186.5931769688295,7362.562930825776,7544.0,7675.4143800683105,7604.674499999999,7364.561447122112,7366.201995150884,7318.724782719431,7541.932489510446,7364.377442731937,7461.899769524609
187,7562.656357388316,6782.7,7559.4287743275345,7522.0,7559.42209631728,7771.500779936322,7583.765278603732,7652.0,7617.499285714286,7722.132651197378,0.0,7547.597506120228,7410.372218257939,8016.7962938667215,7330.6,319.3520278943033,7879.075684200171,7561.137172736014,7876.004559291513,7561.31026147491,7876.004559291513,7561.174004745107,7561.7598129379585,7879.07568420017,1059.0000000000002,768.2799286206122,7571.467912993097,7795.67003851488,7565.833092647005,8118.090778601487,7889.119626534105,7544.0,6287.049121296467,7508.690833333332,7878.774124211603,7876.085472900986,7912.167573608298,7542.81383655453,7879.07568420017,7719.248890258726
188,7459.621837549934,7254.7,7559.417432240513,7424.0,7559.42209631728,7412.6534445080915,7542.921095271762,6802.0,7877.688,7444.123855002337,0.0,7582.280273309164,6767.821940201821,7237.495786279181,7879.0,-223.042840142165,7336.168639706669,7546.959472907031,7342.369597500325,7545.701721505487,7342.369597500325,7546.691832670271,7542.435050396082,7336.168639706669,1059.0,698.7009424702749,7570.547070492849,7439.3934052413015,7512.836514433499,7433.038423131755,7339.518971906715,7544.0,19495.369566395202,7599.165,7336.379256175169,7338.257072415842,7280.242875277341,7542.333676605784,7336.168639706669,7447.7953680119745
189,7301.945091514143,6986.1,7559.415503149091,5508.0,7559.42209631728,7349.943571579391,7533.068829764047,7575.0,7538.445,7398.478402895122,0.0,7744.1879131665655,7112.4759797013685,7249.6975678000035,6897.8,-315.2947586570881,7243.829608898783,7514.854178468509,7246.579009522107,7510.356300349834,7246.579009522107,7513.897063125107,7498.674271225602,7243.829608898783,1058.9999999999998,789.0960058746382,7569.1033872075695,7336.477005896824,7392.8261623804365,7573.541537704384,7253.725092896138,7544.0,10831.58518692933,7574.5869999999995,7244.127337660499,7246.781830483615,7197.5228832134135,7539.094298674617,7243.829608898783,7401.625852608032
190,7635.035230352303,7743.566666666666,7559.425181219802,6146.0,7559.42209631728,7655.625299511375,7567.939767787917,7159.0,7517.104666666668,7631.175804500554,0.0,7225.528560146173,7841.02835449139,7775.4060390605055,7861.2,147.52446290646913,7707.085864665997,7546.734630549327,7700.367937550846,7545.454187634028,7700.367937550847,7546.46216172553,7542.128581418435,7707.085864665998,1059.0,674.2121478585464,7571.390961008537,7532.088721432494,7511.996048367812,7690.032974022351,7709.225314981589,7544.0,4739.008248439987,7645.125333333333,7706.9465592241595,7705.7045384887415,7732.285872549662,7545.499895513579,7707.085864665998,7633.253980491639
191,7538.924242424242,7718.4,7559.4239861696415,9279.0,7559.42209631728,7617.182577733178,7562.736947662555,9095.0,7366.835666666667,7594.173759995926,0.0,7247.992332878285,7005.8498680206885,7705.611121531674,7250.0,90.37545033916831,7649.882887026025,7580.270850583677,7642.242749856227,7582.374946088758,7642.242749856228,7580.7185866135915,7587.839768460996,7649.882887026024,1059.0,653.8499720086902,7570.741933684616,7554.2761844777415,7637.355234235364,7805.43567839273,7628.960376474133,7544.0,32026.42094849264,7551.6945,7649.797546657432,7649.036668216776,7716.801513315888,7540.9524905473,7649.882887026024,7604.652491671653
192,7730.160063391442,7468.233333333333,7559.422800622874,6682.0,7559.42209631728,7580.529223145261,7559.309141975977,9942.0,7435.5633333333335,7570.782450164428,0.0,7588.5771820511045,7735.986539280601,7466.678676031283,8044.4,33.680903589120135,7593.134804347813,7517.118430207631,7589.03076877069,7512.849064634395,7589.03076877069,7516.20994065124,7501.760535409593,7593.134804347813,1059.0000000000002,796.548393431474,7570.519075655948,7312.917741359782,7401.289989082575,7322.478878752091,7591.2183971816385,7544.0,1958.9175866988717,7620.707666666666,7593.102999906275,7592.8194375748435,7632.479778863818,7538.4112558369,7593.134804347813,7576.2784503325465
193,7806.347891566265,7822.752857142858,7559.427675171842,7894.8,7559.42209631728,7736.164503377264,7580.647415424668,7894.8,7894.80000000001,7687.0400737674445,8192.0,7777.298051875496,7888.602430549671,7905.02997766452,7894.8,266.78882623568643,7826.462847790747,7548.236724981696,7822.608566023764,7547.107876262528,7822.608566023763,7547.996514286567,7544.175995214124,7826.462847790747,1059.0,762.6476646194571,7571.078203948554,7751.627093446008,7517.610912981208,8015.540465009899,7824.049516294765,7544.0,7150.311699834983,7854.523984126987,7826.210922553508,7823.964805213821,7860.566895647367,7545.417593946283,7826.462847790747,7692.942472054014
194,7470.243288590604,6509.3,7559.421133206919,5200.0,7559.42209631728,7528.746447078991,7556.793726926496,5200.0,5200.0,7534.432223755007,2868.978919886507,7460.124661532634,5640.494419824443,7501.030740849056,8266.6,-46.057318743252836,7513.321286243581,7554.203724897819,7513.495958676112,7553.677077036405,7513.495958676112,7554.091658110896,7552.309250809699,7513.321286243581,1059.0,439.719541822862,7571.333070016976,7633.85991912874,7539.915700187121,7546.085498283553,7517.3272134111485,7544.0,19348.09692645693,6407.166666666668,7513.36477757384,7513.75253797486,7503.3124896164345,7546.059107473293,7513.321286243581,7536.371691280431
195,7522.47577092511,7863.35,7559.421126991962,8302.0,7559.42209631728,7527.875027381826,7553.8776110356175,8302.0,8302.0,7530.888185714724,3201.4092723363274,7587.9435579599385,7924.863685743663,7556.73145966768,6954.6,-46.354526908173284,7513.023797429177,7548.687088446898,7511.179188399019,7547.603691255945,7511.179188399019,7548.456549502289,7544.789858332087,7513.023797429176,1059.0,641.8856597696821,7570.8738081488045,7449.948712822069,7519.294382295409,7502.313055143624,7506.904598619392,7544.0,11124.596265379392,8039.256333333333,7513.06756940926,7513.457832030562,7524.939506519715,7544.961495094827,7513.023797429176,7536.2229468732285
196,7704.822429906542,7857.075,7559.424766150635,8086.0,7559.42209631728,7642.683576972242,7565.191669260542,6786.0,7781.8842857142845,7617.637423284369,0.0,7421.3176195991755,7037.819394506837,7713.960719634973,7846.6,127.67526006850221,7687.21791848165,7522.841184145604,7681.410716117796,7519.1493696664875,7681.410716117796,7522.0555932092275,7509.560874129618,7687.21791848165,1059.0,517.8632071258747,7571.492912282511,7424.417530447687,7422.681779029379,7751.261859350398,7686.3775695972645,7544.0,10559.983476320445,7721.886737373738,7687.0973563852685,7686.022447741104,7696.284378887334,7544.019187249135,7687.21791848165,7623.320007399465
197,7730.160063391442,7454.660000000001,7559.426493913924,7523.0,7559.42209631728,7697.142438701721,7574.369911888781,7004.0,7536.2715,7656.270297373127,0.0,7008.031615015643,6938.514449970848,7758.204412419937,8029.0,210.29937846992107,7769.920057770717,7569.148095709237,7762.085162017168,7570.1296618662145,7762.085162017169,7569.356965759652,7572.679016057376,7769.920057770717,1059.0,776.2866835220038,7571.087893845354,7764.3340018475155,7595.778112716123,7760.14325932101,7757.485170549735,7544.0,22283.556673971736,7800.338333333334,7769.721474788214,7767.950946812312,7844.340220123085,7539.087239635951,7769.920057770717,7664.671077043999
198,7538.103092783505,7022.25,7559.435215021073,9203.0,7559.42209631728,7965.2313355883225,7588.115122866267,6720.0,7244.37,7849.344556102074,0.0,7722.419844886186,7939.534370328998,7973.205612896025,8576.2,627.35523006125,8187.369729801984,7639.41508551471,8148.902180645705,7647.488128482061,8148.902180645705,7641.132969612084,7668.455687090244,8187.369729801982,1059.000000000001,1054.1652365684374,7570.169780119296,7876.809039769391,7858.437787132487,8105.476387348311,8175.52688764399,7544.0,-24417.23421442726,7151.14,8186.777326374168,8181.4955704616195,7938.752591529716,7533.1205232406655,8187.369729801982,7873.395913059631
199,7643.974079126876,8291.3,7559.427487673089,8401.0,7559.42209631728,7728.763965767452,7575.31873704021,5285.0,7693.493999999999,7677.730582696504,0.0,7731.203457528144,7651.2093511154,7859.165304346667,7334.8,257.8223669743402,7817.487921615946,7506.164388259065,7809.381879369128,7500.789520163618,7809.381879369128,7505.020655906346,7486.829745360204,7817.487921615947,1058.9999999999998,936.0162083000073,7570.573465376688,7400.076610160393,7360.343520481618,7796.601644367401,7814.3347565135655,7544.0,94984.29794321359,7612.197166666667,7817.244463290193,7815.073835317549,7776.720751053709,7540.2905804407765,7817.487921615947,7688.455008966614
200,7840.372807017544,8746.551904761905,7559.428369523459,8675.75,7559.42209631728,7758.756784358799,7585.058775217018,8675.75,8675.75,7704.9632454695675,8448.0,8271.100804102234,8545.99135744593,7936.823558767441,8596.0,299.9937164258736,7859.699092929159,7558.255502702317,7857.149163829959,7558.137767879884,7857.1491638299585,7558.2304495990475,7557.831983332526,7859.699092929159,1059.0,781.2950909817548,7571.289760723469,7817.227298578857,7555.061341716428,8114.324347030332,7864.7476409176115,7544.0,7518.737174769604,8781.587337301586,7859.415812743676,7856.890140668991,7881.9690529065465,7545.819764542139,7859.699092929159,7709.560594623219
201,7375.540192926045,8102.141666666667,7559.422607039899,8148.5,7559.42209631728,7575.664696840104,7561.967308860316,8148.5,8148.5,7566.803707781855,8064.0,7553.091779767059,7332.685767218535,7630.8300611860905,7383.8,24.423488118605746,7583.868647219391,7560.946763747847,7583.703346983637,7561.100636053426,7583.703346983637,7560.979506641432,7561.500277997416,7583.868647219391,1059.0,661.0619966711777,7571.220379887242,7555.769419288101,7565.121339333307,7670.72735004823,7584.320298318656,7544.0,10330.885557010086,7915.326166666667,7583.845584435522,7583.639961055667,7579.992760800602,7545.895366588218,7583.868647219391,7571.645371768336
202,7459.621837549934,6543.459920634921,7559.424129928276,6239.0,7559.42209631728,7623.746950260218,7567.039662270313,6239.0,6239.0,7604.50226905917,6528.0,6950.679313530469,6373.400751845779,7701.020673988259,6172.8,97.25019439021708,7656.7641228075445,7566.569072737485,7655.054631655829,7567.29035904402,7655.054631655829,7566.722557152303,7569.163706301892,7656.7641228075445,1059.0,696.589136914395,7571.294953335425,7577.940898563849,7586.137663680976,7805.325765938562,7659.214690472009,7544.0,6754.947414325494,6248.001253968255,7656.672290707082,7655.853533223912,7653.168726404955,7546.107145517804,7656.7641228075445,7608.093109562412
203,7375.357142857143,7427.483333333333,7559.423057188174,8126.0,7559.42209631728,7589.73022658993,7565.373583941393,9577.0,7727.185,7574.781038074596,0.0,7239.991925406259,6713.715534980175,7797.952968693629,8404.4,45.95022422830516,7605.41571074781,7573.986828874508,7604.3528727047,7575.456729086042,7604.3528727047005,7574.299612815871,7579.274399691555,7605.415710747809,1059.0000000000011,847.11046337419,7570.142655327447,7723.655073871624,7613.865412048233,8105.456792377558,7600.348012385717,7544.0,19008.32184110879,7440.081666666666,7605.372320545517,7604.9854617821375,7582.956332311473,7535.855242506294,7605.415710747809,7582.418903532545
204,7717.739926739927,7076.3,7559.418857653061,5982.0,7559.42209631728,7455.824620438941,7544.174673770221,5982.0,5982.0,7476.676475553366,5982.0000003073455,7405.380449380186,7073.258406334039,7380.681041168986,7818.0,-154.87756781141434,7404.39827962272,7532.468711762065,7403.653485376823,7529.748525483081,7403.653485376823,7531.889876152065,7522.683572966361,7404.39827962272,1059.0,766.3997188756709,7569.779885699654,7360.293282929942,7458.669705595963,7236.123360251707,7404.287180898827,7544.0,5569.7602479659545,6644.506666666666,7404.544528506393,7405.8484556441845,7403.094957343651,7542.8759715303,7404.39827962272,7481.91018797
205,7522.47577092511,8227.8,7559.4223083972765,6133.0,7559.42209631728,7565.506396411617,7557.101895706338,7383.0,7776.195,7563.273473666631,0.0,6998.301656054825,7446.087664574145,7775.973102540324,6792.2,10.141969569522189,7569.573642818016,7514.842648986078,7567.523450099553,7510.343607290344,7567.523450099553,7513.885286042046,7498.658556087539,7569.573642818016,1059.0000000000002,767.7204245539762,7570.515412137978,7513.1836066049145,7392.783064901662,7881.853837232055,7566.4766245667915,7544.0,13607.007132771341,7455.8575,7569.564065887355,7569.478679801171,7586.0342690503585,7539.130625360488,7569.573642818016,7564.497869567648
206,7743.830949284786,8513.2,7559.417372871097,9292.0,7559.42209631728,7411.540633228044,7547.486916108138,9890.0,7815.7919999999995,7442.356263573688,0.0,7342.592607944399,7763.485416470352,7165.471624300041,7955.4,-225.88197081631188,7333.326828078048,7559.777467289805,7341.872975288805,7559.813331996942,7341.872975288805,7559.785099035394,7559.906480931228,7333.326828078048,1059.0,822.0499910213053,7569.802544508344,7587.082099130423,7560.750481440919,7075.327032416273,7330.627904044166,7544.0,-1112.2441011755564,7784.337857142857,7333.540125500915,7335.441844619107,7326.0003243007295,7539.489499070242,7333.326828078048,7446.374462197664
207,7643.974079126876,7357.0,7559.413131118098,9665.0,7559.42209631728,7274.389744088682,7523.994214734231,8849.0,7078.843000000001,7339.522986658477,0.0,7311.135627936017,7270.499956706874,6908.411590314559,7787.4,-428.7286826704375,7130.288570697671,7532.89341077866,7133.458565251095,7530.216085923453,7133.458565251094,7532.323695764028,7523.262454431369,7130.288570697672,1058.9999999999998,973.2596281709514,7570.74189893178,6958.258119340635,7460.257240592589,6690.650750671727,7132.391360586439,7544.0,71975.72216102839,7439.067500000001,7130.693413646369,7134.302916119744,7147.8245711675,7536.982712410336,7130.288570697672,7344.855333507476
208,7643.974079126876,7964.036666666667,7559.429403204844,5339.0,7559.42209631728,7794.048621610302,7596.894154664853,8937.0,7407.814,7731.151136993769,0.0,7541.762535576923,7777.1681553363505,7952.07445191001,6976.0,349.4258427519144,7909.177897368385,7569.294532738411,7913.54587114524,7570.290877595878,7913.545871145241,7569.506547587467,7572.878615488191,7909.177897368385,1059.0,740.7130452662533,7571.652496694661,8113.550151297689,7596.325497804226,7915.582393963813,7920.049039652277,7544.0,10583.766924646294,7369.977833333333,7908.847939065507,7905.906093803827,7910.217623599485,7542.976703477086,7909.177897368385,7734.299996842832
209,7730.160063391442,6472.4333333333325,7559.4219632135055,5565.0,7559.42209631728,7555.415477153466,7560.079401196787,5565.0,5565.0,7552.666765167652,5564.999999999993,6880.546114900478,5957.78461223018,7525.804837744731,6563.2,-6.365213382381359,7553.050872347421,7578.8218804013195,7553.773462795697,7580.779743109528,7553.773462795697,7579.238499168849,7585.864765107696,7553.05087234742,1059.0,617.7599753989422,7571.258162498243,7567.16406218266,7631.938949328459,7423.1418678739565,7549.757926269202,7544.0,5918.321535017923,6364.270166666666,7553.056882936072,7553.110472197466,7545.178060175689,7543.183592659928,7553.05087234742,7556.23648433235
210,7687.986394557823,9187.0,7559.411532461777,9360.0,7559.42209631728,7224.001428502527,7519.652814591545,9360.0,9360.0,7294.40675737037,9359.999999999989,8017.875732039932,9181.78616384002,6902.101595971178,7292.4,-505.178720728567,7053.7663418570155,7495.948689119555,7058.815847333285,7489.5428334472945,7058.815847333285,7494.585570202196,7472.905345602021,7053.7663418570155,1058.9999999999995,929.0106871151129,7570.446860692269,6908.652030021038,7322.156994812203,6476.662736204344,7036.1439431593235,7544.0,6674.366521820735,8658.98,7054.243375587638,7058.496517296307,7027.596008720878,7536.4689792153795,7053.7663418570155,7306.594219087147
211,7470.243288590604,7367.4,7559.417538485572,7159.0,7559.42209631728,7415.468405852509,7543.027907251215,8849.0,7171.787,7443.4553513967085,0.0,7186.733107321701,7059.657203939081,7355.059130678473,6681.4,-217.96204907259744,7341.254228501334,7549.275393513511,7345.728892738914,7548.251369176708,7345.728892738914,7549.057488675071,7545.591741278658,7341.254228501334,1058.9999999999998,701.5189481801149,7569.794875005411,7464.931922342663,7521.493480587251,7235.547393730695,7339.765584317681,7544.0,11828.25272105931,7400.473444444444,7341.460047244557,7343.295087882213,7344.930345739972,7542.950062140626,7341.254228501334,7450.338162409307
212,7834.317669172932,7121.181507936509,7559.426156725522,7306.6,7559.42209631728,7688.28900175155,7574.913223123284,7306.6,7306.599999999988,7650.2938942652,7104.0,7976.3944838755615,7530.647447732581,7788.096971354257,7306.6,194.1745454996053,7753.7799983286,7572.59637463216,7751.664910608771,7573.925947585577,7751.664910608771,7572.879297966299,7577.379155866192,7753.7799983286,1059.0,667.6465929790513,7572.386811516728,7634.174233110765,7608.6678611129055,7684.809236216398,7750.851845436844,7544.0,8209.992564605345,7321.690700577202,7753.596641817269,7751.961870152629,7762.364056271742,7546.274105234477,7753.7799983286,7656.60104732294
213,7562.656357388316,6449.6,7559.406996590556,5280.0,7559.42209631728,7079.804752690634,7501.082857461463,5554.0,6878.851666666667,7203.284582717202,0.0,6849.694754002783,6843.09875731366,6532.290595662843,6464.2,-722.0905877701152,6836.649647743579,7506.705165493593,6843.342514011042,7501.384873654066,6843.342514011042,7505.57304656626,7487.566846002154,6836.649647743579,1058.9999999999998,695.1161907902093,7568.710160530815,7118.191751743443,7362.364958609909,6441.136580868287,6863.6645632549225,7544.0,7929.509179551016,7101.773809523809,6837.331508544121,6843.410849320508,6854.3213119419925,7537.31566312856,6836.649647743579,7198.03587203043
214,7638.1578947368425,6967.966666666665,7559.410190224404,9279.0,7559.42209631728,7184.305630241816,7518.618827541497,6356.0,6953.85,7266.842141548591,0.0,6828.838402281668,6265.471974237411,6940.772726078572,6756.2,-569.3664369330072,6989.518014026833,7564.529699152871,7003.9767803813365,7565.045168040402,7003.976780381336,7564.639387136468,7566.383959888001,6989.518014026833,1059.0000000000002,460.00974739689343,7568.832214892064,7518.208831982267,7578.514436853831,6487.541533398595,6981.442970565717,7544.0,12617.576551739374,7161.050833333333,6990.055659387484,6994.849202822814,7031.879901864055,7536.378937812577,6989.518014026833,7274.470055172057
215,7487.950819672131,6977.4,7559.409326437051,7497.0,7559.42209631728,7160.122483907376,7519.6440637006945,5196.0,7378.865,7243.053201774748,0.0,6257.368386206676,6702.0209181733635,6755.27834519922,7880.4,-610.6739869572048,6948.171457815207,7508.696468147678,6972.773897589639,7503.577142318406,6972.773897589639,7507.607113307509,7490.28106984688,6948.171457815209,1058.9999999999998,952.605436947917,7570.066317278335,7360.96703318566,7369.808495158641,6272.578460900936,6957.714281059202,7544.0,2188.778855190232,7386.805,6948.748109360964,6953.889424499043,6951.233313849653,7534.337150433998,6948.171457815209,7253.796777066244
216,7841.475806451613,7508.166666666667,7559.423835564245,9914.0,7559.42209631728,7615.426773052626,7570.372541389744,7963.0,8216.905333333332,7597.322437891247,0.0,7574.099350638666,8607.80421423032,7641.270171174374,7207.6,83.17328426052336,7642.673920034469,7560.5858847803065,7644.18430280613,7560.703336501529,7644.18430280613,7560.610877641724,7561.008385769606,7642.673920034469,1059.0,524.4207642979117,7572.016372025611,7780.290446454886,7563.772365193666,7554.801281951265,7644.804300940486,7544.0,-5671.960773457311,8047.56857142857,7642.595380578132,7641.895137773316,7627.675739736999,7545.756047171284,7642.673920034469,7601.048008175874
217,7375.357142857143,7328.6,7559.40671516529,6337.0,7559.42209631728,7069.011612856606,7498.5594112264025,8215.0,7103.4375,7189.130531230273,0.0,6941.00714574017,6575.364895589976,6714.350290155877,8000.6,-735.5487476508715,6823.178779500054,7558.836944392837,6824.433962752486,7558.777889759727,6824.433962752486,7558.824378001762,7558.624511227514,6823.178779500053,1059.0000000000007,673.0345440954924,7570.102459012656,7181.461081696004,7557.234784545653,6716.848264751697,6844.69744862276,7544.0,10191.110477163753,7238.451666666668,6823.8733486668625,6830.065994811721,6753.47465715156,7534.825515729843,6823.178779500053,7191.300437908667
218,7730.160063391442,7050.2,7559.415368552665,9679.0,7559.42209631728,7344.436950992989,7531.104202563539,5537.0,6641.416666666668,7387.431656021945,0.0,7116.011984981729,6958.471630951737,7071.297666736167,6833.0,-321.7313527469523,7237.386936816614,7541.820248227283,7236.501819845074,7540.043836602201,7236.501819845074,7541.4422409141225,7535.43008500794,7237.386936816614,1059.0,745.2772948844988,7570.235176055769,7378.4136261385465,7493.625970693512,6863.934087056082,7226.072076590744,7544.0,7311.906451585768,6894.851333333333,7237.69074357086,7240.399426615498,7223.512098178833,7537.817846234906,7237.386936816614,7398.404516566948
219,7840.372807017544,8746.551904761905,7559.428369523459,8675.75,7559.42209631728,7758.756784358799,7585.058775217018,8675.75,8675.75,7704.9632454695675,8448.0,8271.100804102234,8545.99135744593,7936.823558767441,8596.0,299.9937164258736,7859.699092929159,7558.255502702317,7857.149163829959,7558.137767879884,7857.1491638299585,7558.2304495990475,7557.831983332526,7859.699092929159,1059.0,781.2950909817548,7571.289760723469,7817.227298578857,7555.061341716428,8114.324347030332,7864.7476409176115,7544.0,7518.737174769604,8781.587337301586,7859.415812743676,7856.890140668991,7881.9690529065465,7545.819764542139,7859.699092929159,7709.560594623219
220,7717.739926739927,6950.8,7559.430477396201,5522.0,7559.42209631728,7833.259056626049,7609.983689461877,9019.0,7933.1975,7743.005442678828,0.0,8061.7280265978,7828.546627377643,8270.686889878905,6142.0,400.7952140395864,7960.595776091617,7639.851991061677,7979.759297469247,7647.969127358816,7979.759297469247,7641.579257894947,7669.05120653629,7960.595776091618,1059.0000000000002,1013.913859408621,7570.713093777915,8262.392487674952,7860.070950429146,8143.202102935029,7939.991682858278,7544.0,65557.07318623578,7347.785,7960.217310355981,7956.842982080631,7968.22454615389,7536.589695540241,7960.595776091618,7760.008936204448
221,7795.919018404908,7515.628571428571,7559.427778671213,5878.0,7559.42209631728,7740.445546868625,7584.167502556885,6027.0,8311.463,7693.736867982739,0.0,7858.326824693829,8028.365412287651,7896.009357989138,8672.8,271.73831462833186,7831.417009920748,7563.044340398036,7830.497534367847,7563.409904085499,7830.497534367846,7563.12212965889,7564.359357479083,7831.417009920748,1059.0,760.5782765117567,7571.036629455483,7888.540075683001,7572.962130599977,8126.544854061919,7841.408164018328,7544.0,4329.4052517944,8095.568634920634,7831.16041094565,7828.872623451118,7855.637327937029,7545.019759591041,7831.417009920748,7695.419553119014
222,7841.475806451613,8926.55,7559.430016679596,8918.0,7559.42209631728,7810.33357952171,7588.7253753486975,9035.0,8990.54,7745.459127239107,-461952.0,8298.048693173223,8943.442426282854,8049.06672342073,9271.4,378.7630852159273,7938.542842614583,7577.7326255702055,7933.035799633267,7579.580558631552,7933.035799633267,7578.125852118353,7584.380067927423,7938.542842614582,1059.0,809.7822250460113,7572.343086832645,7778.261112690368,7627.8672889358795,8023.191739940336,7946.248994954926,7544.0,5412.144660149059,8961.632777777777,7938.18518153317,7934.996343584673,7958.47676898548,7546.863382820288,7938.542842614582,7748.982469465931
223,7806.347891566265,6771.589999999999,7559.430108041204,7271.5,7559.42209631728,7814.9326062317405,7591.536679916709,6122.0,7907.658,7745.104298105662,0.0,7435.830754280973,7590.924830518516,7970.277108062991,9035.0,383.1321283568177,7942.9160113855605,7629.241266860696,7942.4597109923825,7636.287548908622,7942.4597109923825,7630.740663794999,7654.588372081145,7942.9160113855605,1058.9999999999998,731.2895240453655,7572.464310471572,7873.793910067158,7820.407811711135,7634.353925107497,7945.184386526012,7544.0,-7302.9869289755625,7698.819166666666,7942.554224673231,7939.328603386792,7956.00578484082,7542.323540640138,7942.9160113855605,7751.169053851419
224,7522.47577092511,7956.155555555556,7559.425334554309,7812.0,7559.42209631728,7666.496924031886,7577.155200254054,9910.0,7809.88,7632.7664677416915,0.0,7781.687148220824,7225.458584377683,7955.6413756831535,7489.6,154.8571389630606,7714.42546487359,7621.060073715918,7725.643210904789,7627.280694359706,7725.643210904789,7622.383775983201,7643.43708402038,7714.4254648735905,1058.9999999999998,775.6428767028902,7570.518728896356,7969.175752528272,7789.8263177024455,7766.690709480425,7720.774842115277,7544.0,9367.58342466512,7653.448,7714.279235280612,7712.97548013499,7714.161293891206,7540.150645987341,7714.4254648735905,7636.923780595434
225,7562.656357388316,8119.0,7559.417093921041,6346.0,7559.42209631728,7400.209733955613,7537.806622457006,9360.0,7408.1,7430.730019023783,0.0,7435.8501459460995,6875.578650021283,7135.062722848108,7354.4,-239.22176256070088,7319.974439741247,7519.208740013541,7321.23266580831,7515.150332438593,7321.23266580831,7518.34514076579,7504.609709896668,7319.974439741247,1059.0,757.5975063652813,7570.544994592524,7166.3497134684485,7409.1036167129805,7083.979119250902,7315.43502764678,7544.0,12131.848523668998,7655.26,7320.200333756885,7322.2143616923795,7309.217907533265,7539.947177540191,7319.974439741247,7439.698268029264
226,7643.974079126876,7793.8,7559.420580392162,9066.0,7559.42209631728,7509.839177289158,7550.3653409393855,6399.0,7254.615,7513.247929882174,0.0,7797.383930908146,7726.318289665375,7484.34407786046,7444.6,-72.4937132567884,7486.859928184831,7520.791494786074,7483.235507365363,7516.89282180054,7483.235507365363,7519.961885882741,7506.767066908749,7486.859928184831,1059.0000000000002,730.0828389194894,7570.224612166032,7627.406377495229,7415.019991590935,7633.402664213982,7473.416707200074,7544.0,4752.688368721335,7253.466666666667,7486.928383060428,7487.538713667827,7426.627446459976,7539.348034421261,7486.859928184831,7523.141012251056
227,7687.986394557823,7952.5,7559.413246931733,9389.0,7559.42209631728,7279.563157912543,7527.55269293882,7563.0,7575.8,7346.053438373489,0.0,7136.071528178027,7856.284856679054,7028.686600781214,7477.6,-423.19030853876757,7135.832174644216,7526.4646553508,7143.435202776133,7523.138528402854,7143.435202776133,7525.756880028306,7514.499807910301,7135.832174644215,1058.9999999999998,621.8340702935299,7569.223493163145,7383.2599337760175,7436.226400332336,6970.621842604511,7149.573352913359,7544.0,8521.290408322619,7518.146499999999,7136.23178777787,7139.794662218332,7131.25805470983,7542.055901548406,7135.832174644215,7347.627135480749
